instancia, nombre, t_ordenamiento, t_lineal, t_binaria
1024, Nidoqueen, 0.003459016, 4.12192E-4, 4.50886E-6
1024, Abra, 0.003459016, 1.32436E-4, 3.3873200000000003E-6
1024, Ponyta, 0.003459016, 1.98667E-4, 5.2853E-6
1024, Weepinbell, 0.003459016, 2.13292E-4, 4.34351E-6
1024, Primeape, 0.003459016, 1.2118E-4, 7.4756E-7
1024, Nidoqueen, 7.40952E-4, 1.53409E-4, 8.0997E-7
1024, PidgeotMega Pidgeot, 7.40952E-4, 1.80229E-4, 1.4019699999999999E-6
1024, BeedrillMega Beedrill, 7.40952E-4, 1.71834E-4, 1.3789999999999998E-6
1024, Gengar, 7.40952E-4, 1.84975E-4, 1.4912799999999999E-6
1024, Pidgeot, 7.40952E-4, 1.71401E-4, 1.50969E-6
1024, Nidoqueen, 7.39382E-4, 1.1935E-4, 8.6803E-7
1024, Pidgeotto, 7.39382E-4, 1.07292E-4, 7.374400000000001E-7
1024, Vileplume, 7.39382E-4, 1.07909E-4, 7.3011E-7
1024, Pikachu, 7.39382E-4, 1.14014E-4, 7.345400000000001E-7
1024, Growlithe, 7.39382E-4, 1.08032E-4, 7.828E-7
1024, Nidoqueen, 5.58464E-4, 1.08355E-4, 7.96E-7
1024, Kadabra, 5.58464E-4, 1.07848E-4, 7.473400000000001E-7
1024, Mankey, 5.58464E-4, 1.07258E-4, 7.634700000000001E-7
1024, Diglett, 5.58464E-4, 1.07609E-4, 7.612699999999999E-7
1024, Rattata, 5.58464E-4, 1.43397E-4, 1.44305E-6
1024, Nidoqueen, 2.27304E-4, 1.11096E-4, 7.9403E-7
1024, Nidorina, 2.27304E-4, 1.11311E-4, 8.896299999999999E-7
1024, Charmander, 2.27304E-4, 1.11115E-4, 9.249199999999999E-7
1024, Oddish, 2.27304E-4, 1.06615E-4, 7.1414E-7
1024, Psyduck, 2.27304E-4, 1.07766E-4, 7.7469E-7
1024, Nidoqueen, 2.26324E-4, 1.18874E-4, 8.056200000000001E-7
1024, Ponyta, 2.26324E-4, 1.08073E-4, 7.879699999999999E-7
1024, Metapod, 2.26324E-4, 1.06711E-4, 8.2123E-7
1024, Kadabra, 2.26324E-4, 1.08528E-4, 7.4521E-7
1024, Rapidash, 2.26324E-4, 1.0679E-4, 6.538899999999999E-7
1024, Nidoqueen, 2.24413E-4, 1.14475E-4, 7.925E-7
1024, Graveler, 2.24413E-4, 1.0878E-4, 7.5838E-7
1024, Pikachu, 2.24413E-4, 1.0665E-4, 7.665699999999999E-7
1024, Venusaur, 2.24413E-4, 1.07079E-4, 7.0808E-7
1024, Golduck, 2.24413E-4, 1.07598E-4, 7.0479E-7
1024, Nidoqueen, 2.25573E-4, 1.08833E-4, 8.0324E-7
1024, Nidoqueen, 2.25573E-4, 1.07714E-4, 8.3069E-7
1024, Abra, 2.25573E-4, 1.04722E-4, 7.5324E-7
1024, PidgeotMega Pidgeot, 2.25573E-4, 1.04936E-4, 7.7862E-7
1024, Pidgeotto, 2.25573E-4, 1.08089E-4, 7.1259E-7
1024, Nidorina, 2.26582E-4, 1.1218E-4, 7.2038E-7
1024, Grimer, 2.26582E-4, 1.05879E-4, 6.4972E-7
1024, GengarMega Gengar, 2.26582E-4, 1.0388E-4, 7.6762E-7
1024, Nidoran♂, 2.26582E-4, 1.11506E-4, 8.377E-7
1024, Ninetales, 2.26582E-4, 1.06548E-4, 7.8908E-7
1024, Nidorina, 2.41515E-4, 1.18422E-4, 7.366599999999999E-7
1024, Vileplume, 2.41515E-4, 1.1601E-4, 6.816800000000001E-7
1024, Nidorino, 2.41515E-4, 1.08595E-4, 7.5861E-7
1024, Primeape, 2.41515E-4, 1.08338E-4, 7.2413E-7
1024, Graveler, 2.41515E-4, 1.05488E-4, 7.631099999999999E-7
1024, Nidoqueen, 2.2461E-4, 1.1279E-4, 7.9622E-7
1024, Nidorino, 2.2461E-4, 1.15363E-4, 7.7038E-7
1024, Venonat, 2.2461E-4, 1.0769E-4, 7.8564E-7
1024, Dewgong, 2.2461E-4, 1.08115E-4, 7.813900000000001E-7
1024, BeedrillMega Beedrill, 2.2461E-4, 1.04905E-4, 6.9157E-7
1024, Nidorina, 2.4118E-4, 9.8319E-5, 6.4397E-7
1024, Muk, 2.4118E-4, 1.55726E-4, 7.171E-7
1024, Dodrio, 2.4118E-4, 1.12093E-4, 6.9177E-7
1024, BlastoiseMega Blastoise, 2.4118E-4, 9.6648E-5, 1.36127E-6
1024, Golem, 2.4118E-4, 1.1131E-4, 7.0609E-7
1024, Nidorina, 1.98456E-4, 1.29393E-4, 1.37318E-6
1024, Parasect, 1.98456E-4, 1.09239E-4, 7.1585E-7
1024, PidgeotMega Pidgeot, 1.98456E-4, 1.04253E-4, 7.067200000000001E-7
1024, Charmeleon, 1.98456E-4, 1.05642E-4, 8.6416E-7
1024, Clefable, 1.98456E-4, 3.7829E-5, 6.8987E-7
1024, Nidorina, 2.11361E-4, 2.3842E-5, 6.439E-7
1024, CharizardMega Charizard X, 2.11361E-4, 1.9536E-5, 7.4835E-7
1024, Mankey, 2.11361E-4, 2.2172E-5, 6.7356E-7
1024, Pikachu, 2.11361E-4, 2.2096E-5, 6.596999999999999E-7
1024, Clefairy, 2.11361E-4, 2.2551E-5, 6.2479E-7
1024, Nidorina, 2.8323E-4, 2.3234E-5, 6.8196E-7
1024, Shellder, 2.8323E-4, 2.2511E-5, 5.6934E-7
1024, Victreebel, 2.8323E-4, 2.0009E-5, 6.798499999999999E-7
1024, Ponyta, 2.8323E-4, 2.106E-5, 7.0123E-7
1024, Vulpix, 2.8323E-4, 2.0623E-5, 6.8464E-7
1024, Nidorina, 2.56153E-4, 2.5344E-5, 6.4071E-7
1024, Shellder, 2.56153E-4, 2.2669E-5, 5.6596E-7
1024, SlowbroMega Slowbro, 2.56153E-4, 1.8667E-5, 6.7925E-7
1024, Charmeleon, 2.56153E-4, 2.0122E-5, 6.7316E-7
1024, Geodude, 2.56153E-4, 2.1801E-5, 5.893400000000001E-7
1024, Nidorino, 2.34012E-4, 2.3583E-5, 7.6865E-7
1024, Ponyta, 2.34012E-4, 2.2451E-5, 7.1474E-7
1024, Vileplume, 2.34012E-4, 2.1137E-5, 6.183099999999999E-7
1024, Nidoran♀, 2.34012E-4, 2.458E-5, 7.045199999999999E-7
1024, Pidgeotto, 2.34012E-4, 2.162E-5, 6.599699999999999E-7
1024, Nidoran♂, 2.03894E-4, 2.3723E-5, 7.3743E-7
1024, Nidorino, 2.03894E-4, 2.4964E-5, 6.9306E-7
1024, Magnemite, 2.03894E-4, 2.1345E-5, 6.757099999999999E-7
1024, Psyduck, 2.03894E-4, 2.2702E-5, 6.707000000000001E-7
1024, Slowpoke, 2.03894E-4, 2.2829E-5, 6.5167E-7
1024, Nidorino, 2.06449E-4, 2.3303E-5, 6.9806E-7
1024, Graveler, 2.06449E-4, 3.6805E-5, 1.5033E-6
1024, Bulbasaur, 2.06449E-4, 3.5797E-5, 1.2956099999999998E-6
1024, Squirtle, 2.06449E-4, 4.0802E-5, 1.30681E-6
1024, Pidgeot, 2.06449E-4, 4.2251E-5, 1.44543E-6
1024, Nidorino, 3.17766E-4, 4.4275E-5, 3.888E-7
1024, Raticate, 3.17766E-4, 4.2947E-5, 3.8140999999999997E-7
1024, Blastoise, 3.17766E-4, 4.1283E-5, 3.9285000000000003E-7
1024, Nidoran♀, 3.17766E-4, 4.3581E-5, 3.7491999999999997E-7
1024, Slowbro, 3.17766E-4, 5.872E-5, 4.0548E-7
1024, Nidoran♂, 2.04808E-4, 2.4071E-5, 2.2258E-7
1024, Clefairy, 2.04808E-4, 2.3993E-5, 2.2188000000000003E-7
1024, Meowth, 2.04808E-4, 2.2276E-5, 1.8148E-7
1024, Fearow, 2.04808E-4, 2.1545E-5, 1.9035E-7
1024, Beedrill, 2.04808E-4, 2.2912E-5, 2.0607000000000002E-7
1024, Nidoran♂, 2.0783E-4, 2.7052E-5, 2.2008999999999998E-7
1024, Nidoking, 2.0783E-4, 2.3904E-5, 1.9581E-7
1024, Abra, 2.0783E-4, 6.0044E-5, 3.9894E-7
1024, Oddish, 2.0783E-4, 5.3842E-5, 2.2175E-7
1024, Ninetales, 2.0783E-4, 2.1298E-5, 2.0295E-7
1024, Nidoran♂, 2.84212E-4, 7.799E-5, 4.8271E-7
1024, Nidoran♂, 2.84212E-4, 7.4257E-5, 3.3267E-7
1024, Ponyta, 2.84212E-4, 3.5431E-5, 2.0855E-7
1024, Geodude, 2.84212E-4, 2.2132E-5, 1.8535E-7
1024, Pidgey, 2.84212E-4, 2.1474E-5, 2.0781E-7
1024, Nidoran♂, 2.06337E-4, 2.6572E-5, 2.2514000000000002E-7
1024, Muk, 2.06337E-4, 1.9328E-5, 2.2206000000000002E-7
1024, Beedrill, 2.06337E-4, 2.2791E-5, 2.0353999999999998E-7
1024, Venusaur, 2.06337E-4, 2.3578E-5, 1.957E-7
1024, Ponyta, 2.06337E-4, 2.1319E-5, 2.0704E-7
1024, Nidoran♂, 2.0229E-4, 2.3564E-5, 2.1537E-7
1024, CharizardMega Charizard X, 2.0229E-4, 1.9902E-5, 2.7235E-7
1024, Parasect, 2.0229E-4, 2.2862E-5, 2.2497E-7
1024, Weedle, 2.0229E-4, 2.3407E-5, 1.8518000000000002E-7
1024, VenusaurMega Venusaur, 2.0229E-4, 1.9278E-5, 1.9868E-7
1024, Nidoran♂, 2.07701E-4, 2.3665E-5, 2.1577E-7
1024, CharizardMega Charizard X, 2.07701E-4, 2.0545E-5, 2.1566E-7
1024, Doduo, 2.07701E-4, 2.0304E-5, 2.214E-7
1024, Weedle, 2.07701E-4, 2.1391E-5, 1.8992999999999998E-7
1024, Clefable, 2.07701E-4, 2.2936E-5, 2.1231E-7
1024, Nidoran♂, 2.03171E-4, 2.3033E-5, 2.1305E-7
1024, Shellder, 2.03171E-4, 5.9313E-5, 2.0649000000000002E-7
1024, VenusaurMega Venusaur, 2.03171E-4, 2.8259E-5, 2.1019E-7
1024, Machoke, 2.03171E-4, 3.6309E-5, 2.0761999999999998E-7
1024, Graveler, 2.03171E-4, 2.2789E-5, 2.002E-7
1024, Nidoran♂, 2.05192E-4, 2.3784E-5, 2.1893E-7
1024, Parasect, 2.05192E-4, 2.3E-5, 2.0981000000000002E-7
1024, Vulpix, 2.05192E-4, 2.1357E-5, 1.9905E-7
1024, Dewgong, 2.05192E-4, 2.2325E-5, 2.3195E-7
1024, Vulpix, 2.05192E-4, 5.5338E-5, 2.0740000000000002E-7
1024, Nidoqueen, 2.03537E-4, 2.1496E-5, 2.1013E-7
1024, Poliwrath, 2.03537E-4, 2.1894E-5, 2.4077999999999996E-7
1024, Weepinbell, 2.03537E-4, 2.0847E-5, 2.3215999999999998E-7
1024, SlowbroMega Slowbro, 2.03537E-4, 1.9075E-5, 1.9403E-7
1024, Bulbasaur, 2.03537E-4, 2.131E-5, 2.0482E-7
1024, Nidoqueen, 2.4966E-4, 2.1046E-5, 2.0594E-7
1024, Poliwhirl, 2.4966E-4, 2.2343E-5, 4.2874999999999997E-7
1024, BlastoiseMega Blastoise, 2.4966E-4, 5.4749E-5, 1.9803E-7
1024, Squirtle, 2.4966E-4, 2.2848E-5, 1.9713E-7
1024, GengarMega Gengar, 2.4966E-4, 2.3315E-5, 2.3998E-7
1024, Nidoran♂, 2.53088E-4, 2.4334E-5, 2.2173E-7
1024, Venomoth, 2.53088E-4, 2.32E-5, 2.4100999999999996E-7
1024, Fearow, 2.53088E-4, 2.1766E-5, 1.9191E-7
1024, Clefable, 2.53088E-4, 2.6323E-5, 2.4511E-7
1024, Ivysaur, 2.53088E-4, 2.1888E-5, 2.2966E-7
1024, Nidoran♂, 2.33898E-4, 2.695E-5, 2.5164E-7
1024, Squirtle, 2.33898E-4, 1.1849E-5, 2.2556E-7
1024, Poliwag, 2.33898E-4, 1.0653E-5, 2.1276E-7
1024, Poliwhirl, 2.33898E-4, 9.705E-6, 2.4303E-7
1024, Nidoking, 2.33898E-4, 1.1649E-5, 2.1314999999999997E-7
1024, Sandslash, 2.32359E-4, 1.007E-5, 2.5258E-7
1024, Parasect, 2.32359E-4, 1.1567E-5, 2.7324000000000003E-7
1024, Parasect, 2.32359E-4, 1.0836E-5, 2.3465999999999998E-7
1024, BeedrillMega Beedrill, 2.32359E-4, 7.43E-6, 2.0486E-7
1024, Clefairy, 2.32359E-4, 1.1085E-5, 2.0644000000000001E-7
1024, Sandslash, 2.38952E-4, 1.0064E-5, 2.4114E-7
1024, Paras, 2.38952E-4, 8.48E-6, 2.2597E-7
1024, Doduo, 2.38952E-4, 8.291E-6, 2.0628999999999998E-7
1024, Clefairy, 2.38952E-4, 1.1176E-5, 2.1919000000000002E-7
1024, Tentacool, 2.38952E-4, 9.602E-6, 2.3261E-7
1024, Sandslash, 2.39458E-4, 1.0303E-5, 2.4077999999999996E-7
1024, Vileplume, 2.39458E-4, 1.0075E-5, 2.0827E-7
1024, VenusaurMega Venusaur, 2.39458E-4, 7.377E-6, 2.5833E-7
1024, Shellder, 2.39458E-4, 1.1341E-5, 1.9961E-7
1024, Clefable, 2.39458E-4, 1.1295E-5, 2.4497E-7
1024, Sandslash, 2.34948E-4, 9.646E-6, 2.4365E-7
1024, Charmeleon, 2.34948E-4, 9.347E-6, 2.3394E-7
1024, Clefable, 2.34948E-4, 1.1125E-5, 2.4308E-7
1024, Shellder, 2.34948E-4, 1.0883E-5, 1.9752E-7
1024, Tentacruel, 2.34948E-4, 8.614E-6, 1.9822E-7
1024, Sandslash, 2.3041E-4, 9.729E-6, 2.8636000000000003E-7
1024, Pidgey, 2.3041E-4, 1.0006E-5, 2.4263E-7
1024, Bellsprout, 2.3041E-4, 8.906E-6, 2.6580999999999997E-7
1024, CharizardMega Charizard Y, 2.3041E-4, 7.423E-6, 2.2008999999999998E-7
1024, Nidoran♂, 2.3041E-4, 1.1826E-5, 2.4397E-7
1024, Sandslash, 2.29087E-4, 1.0355E-5, 2.3928E-7
1024, BeedrillMega Beedrill, 2.29087E-4, 7.804E-6, 2.1007999999999999E-7
1024, Blastoise, 2.29087E-4, 2.2846E-5, 2.3742000000000002E-7
1024, Sandslash, 2.29087E-4, 9.759E-6, 2.3415E-7
1024, Charizard, 2.29087E-4, 9.399E-6, 2.3996E-7
1024, Sandslash, 2.31607E-4, 1.1763E-5, 2.3564E-7
1024, CharizardMega Charizard X, 2.31607E-4, 7.652E-6, 3.1253E-7
1024, Spearow, 2.31607E-4, 1.0514E-5, 2.573E-7
1024, Poliwag, 2.31607E-4, 9.996E-6, 2.1074E-7
1024, Nidoking, 2.31607E-4, 1.1402E-5, 7.6983E-7
1024, Sandslash, 2.31948E-4, 9.187E-6, 2.394E-7
1024, Poliwag, 2.31948E-4, 1.048E-5, 2.1209E-7
1024, Nidoran♂, 2.31948E-4, 1.1312E-5, 2.3991000000000004E-7
1024, Slowbro, 2.31948E-4, 1.4602E-5, 2.3451E-7
1024, GengarMega Gengar, 2.31948E-4, 6.949E-6, 2.3021E-7
1024, Sandshrew, 2.32877E-4, 9.407E-6, 2.2361000000000003E-7
1024, Geodude, 2.32877E-4, 1.0434E-5, 2.1641000000000002E-7
1024, Gastly, 2.32877E-4, 9.404E-6, 2.714E-7
1024, Tentacruel, 2.32877E-4, 8.474E-6, 2.0051000000000001E-7
1024, Gastly, 2.32877E-4, 9.623E-6, 2.3453E-7
1024, Sandshrew, 2.32797E-4, 9.169E-6, 2.2093E-7
1024, Tentacruel, 2.32797E-4, 8.819E-6, 2.0402E-7
1024, Dewgong, 2.32797E-4, 1.0035E-5, 2.3072E-7
1024, Ivysaur, 2.32797E-4, 9.922E-6, 2.2413E-7
1024, Golduck, 2.32797E-4, 1.167E-5, 2.0159000000000002E-7
1024, Sandslash, 2.2789E-4, 1.1469E-5, 2.3757E-7
1024, Poliwhirl, 2.2789E-4, 9.662E-6, 2.5984000000000003E-7
1024, Pidgeot, 2.2789E-4, 1.4371E-5, 4.1582000000000003E-7
1024, Venomoth, 2.2789E-4, 1.1172E-5, 2.2858E-7
1024, Haunter, 2.2789E-4, 1.0137E-5, 2.1287000000000003E-7
1024, Sandslash, 2.30497E-4, 9.115E-6, 2.4028000000000003E-7
1024, Pidgeotto, 2.30497E-4, 9.792E-6, 2.1971999999999998E-7
1024, Golduck, 2.30497E-4, 1.0574E-5, 2.5777999999999997E-7
1024, Tentacruel, 2.30497E-4, 8.771E-6, 2.0395999999999998E-7
1024, Mankey, 2.30497E-4, 9.551E-6, 3.3278999999999995E-7
1024, Sandshrew, 2.02859E-4, 8.116E-6, 1.9601000000000002E-7
1024, Geodude, 2.02859E-4, 9.239E-6, 1.8382000000000001E-7
1024, Tentacool, 2.02859E-4, 8.336E-6, 2.2279000000000002E-7
1024, Machop, 2.02859E-4, 8.451E-6, 2.1118E-7
1024, BeedrillMega Beedrill, 2.02859E-4, 6.111E-6, 1.8128999999999998E-7
1024, Sandshrew, 2.05096E-4, 7.984E-6, 1.9736E-7
1024, Nidorina, 2.05096E-4, 1.0313E-5, 1.9783E-7
1024, Metapod, 2.05096E-4, 9.052E-6, 2.0540999999999998E-7
1024, Seel, 2.05096E-4, 6.123E-6, 1.9865E-7
1024, Meowth, 2.05096E-4, 8.217E-6, 1.7054999999999998E-7
1024, Sandshrew, 2.0234E-4, 7.875E-6, 2.2025E-7
1024, Nidoran♀, 2.0234E-4, 1.0411E-5, 2.0539000000000001E-7
1024, Arbok, 2.0234E-4, 6.958E-6, 2.1192E-7
1024, Pidgeot, 2.0234E-4, 9.078E-6, 2.1698E-7
1024, Pidgey, 2.0234E-4, 8.204E-6, 2.0795E-7
1024, Sandshrew, 1.85089E-4, 7.113E-6, 1.9732E-7
1024, Graveler, 1.85089E-4, 8.708E-6, 1.7955E-7
1024, Abra, 1.85089E-4, 5.337E-6, 1.7806E-7
1024, Golbat, 1.85089E-4, 7.468E-6, 1.8352E-7
1024, Persian, 1.85089E-4, 7.824E-6, 1.6655E-7
1024, Nidorina, 1.82659E-4, 9.978E-6, 1.6006E-7
1024, CharizardMega Charizard Y, 1.82659E-4, 5.503E-6, 2.0313999999999998E-7
1024, Pikachu, 1.82659E-4, 8.248E-6, 2.0444E-7
1024, Gengar, 1.82659E-4, 7.446E-6, 1.7238E-7
1024, GengarMega Gengar, 1.82659E-4, 5.023E-6, 1.7924E-7
1024, Nidorina, 1.82229E-4, 8.93E-6, 1.7204999999999998E-7
1024, Poliwrath, 1.82229E-4, 7.693E-6, 2.0585E-7
1024, Clefable, 1.82229E-4, 8.829E-6, 1.9813000000000001E-7
1024, BeedrillMega Beedrill, 1.82229E-4, 5.468E-6, 1.6050000000000001E-7
1024, Growlithe, 1.82229E-4, 7.185E-6, 1.7853999999999998E-7
1024, Nidorina, 2.68641E-4, 8.962E-6, 1.7082E-7
1024, Poliwag, 2.68641E-4, 8.256E-6, 1.707E-7
1024, Dugtrio, 2.68641E-4, 8.048E-6, 2.0596E-7
1024, Paras, 2.68641E-4, 5.997E-6, 1.9639999999999999E-7
1024, Bulbasaur, 2.68641E-4, 7.405E-6, 1.8528E-7
1024, Nidorina, 1.73009E-4, 8.337E-6, 1.6988E-7
1024, Arcanine, 1.73009E-4, 8.272E-6, 1.6875E-7
1024, Grimer, 1.73009E-4, 7.119E-6, 1.5082999999999998E-7
1024, Weepinbell, 1.73009E-4, 6.255E-6, 1.7344E-7
1024, Nidorino, 1.73009E-4, 8.267E-6, 1.7068E-7
1024, Nidoran♀, 1.72442E-4, 8.546E-6, 1.7499E-7
1024, Tentacruel, 1.72442E-4, 6.42E-6, 1.5367999999999998E-7
1024, Spearow, 1.72442E-4, 7.759E-6, 1.7496E-7
1024, Farfetch'd, 1.72442E-4, 6.114E-6, 2.0947E-7
1024, Haunter, 1.72442E-4, 8.734E-6, 1.4903E-7
1024, Nidoran♀, 1.71917E-4, 8.489E-6, 1.7428E-7
1024, PidgeotMega Pidgeot, 1.71917E-4, 5.168E-6, 1.6825E-7
1024, Arcanine, 1.71917E-4, 8.23E-6, 1.7033000000000002E-7
1024, Farfetch'd, 1.71917E-4, 6.298E-6, 1.6490999999999999E-7
1024, Golduck, 1.71917E-4, 7.7E-6, 1.8378E-7
1024, Nidoran♀, 1.71852E-4, 8.319E-6, 1.7535000000000002E-7
1024, Pidgeot, 1.71852E-4, 7.991E-6, 1.8536000000000001E-7
1024, Tentacruel, 1.71852E-4, 6.368E-6, 1.528E-7
1024, Jigglypuff, 1.71852E-4, 6.318E-6, 1.8754E-7
1024, Gengar, 1.71852E-4, 7.013E-6, 1.8655E-7
1024, Nidoran♀, 1.70677E-4, 8.366E-6, 1.7433999999999998E-7
1024, Pidgeotto, 1.70677E-4, 7.321E-6, 1.6467E-7
1024, Butterfree, 1.70677E-4, 6.257E-6, 1.7281E-7
1024, Poliwag, 1.70677E-4, 7.532E-6, 1.5924E-7
1024, Primeape, 1.70677E-4, 7.862E-6, 1.6005E-7
1024, Nidoran♀, 1.71777E-4, 8.291E-6, 1.738E-7
1024, Nidoqueen, 1.71777E-4, 7.231E-6, 1.7702E-7
1024, Gloom, 1.71777E-4, 5.902E-6, 2.0250000000000002E-7
1024, Persian, 1.71777E-4, 7.997E-6, 1.7029E-7
1024, Persian, 1.71777E-4, 7.45E-6, 1.5423000000000003E-7
1024, Nidoran♀, 1.75873E-4, 8.458E-6, 1.8137E-7
1024, Dewgong, 1.75873E-4, 7.979E-6, 1.7414E-7
1024, Magnemite, 1.75873E-4, 7.167E-6, 1.6534000000000002E-7
1024, Ponyta, 1.75873E-4, 6.961E-6, 1.7657999999999998E-7
1024, BeedrillMega Beedrill, 1.75873E-4, 5.212E-6, 1.5636E-7
1024, Nidoran♀, 1.71364E-4, 8.292E-6, 1.756E-7
1024, PidgeotMega Pidgeot, 1.71364E-4, 5.325E-6, 1.6916E-7
1024, Bulbasaur, 1.71364E-4, 7.101E-6, 1.7615E-7
1024, BlastoiseMega Blastoise, 1.71364E-4, 4.94E-6, 1.8448999999999998E-7
1024, Psyduck, 1.71364E-4, 7.647E-6, 1.6949999999999998E-7
1024, Nidoran♀, 1.73022E-4, 8.413E-6, 1.7277E-7
1024, Graveler, 1.73022E-4, 8.498E-6, 1.7187999999999997E-7
1024, Wartortle, 1.73022E-4, 7.047E-6, 1.6113E-7
1024, Nidoran♂, 1.73022E-4, 8.475E-6, 1.8104E-7
1024, Pidgey, 1.73022E-4, 7.175E-6, 1.7701E-7
1024, Nidoran♀, 1.73215E-4, 8.366E-6, 1.7302000000000002E-7
1024, Charmander, 1.73215E-4, 6.617E-6, 1.8365E-7
1024, Meowth, 1.73215E-4, 7.137E-6, 1.4508999999999998E-7
1024, Golbat, 1.73215E-4, 7.033E-6, 4.977400000000001E-7
1024, Graveler, 1.73215E-4, 1.0509E-5, 3.3858E-7
1024, Sandslash, 1.73842E-4, 6.806E-6, 1.7853999999999998E-7
1024, Paras, 1.73842E-4, 6.028E-6, 1.702E-7
1024, Poliwrath, 1.73842E-4, 7.007E-6, 1.7469E-7
1024, Machop, 1.73842E-4, 6.998E-6, 1.8141E-7
1024, Weedle, 1.73842E-4, 6.949E-6, 1.5815999999999998E-7
1024, Nidoran♀, 1.71695E-4, 8.275E-6, 1.7197000000000002E-7
1024, Seel, 1.71695E-4, 5.329E-6, 1.7345E-7
1024, Cloyster, 1.71695E-4, 8.363E-6, 1.6563E-7
1024, Ivysaur, 1.71695E-4, 8.838E-6, 1.8567E-7
1024, Ponyta, 1.71695E-4, 6.996E-6, 1.8292999999999998E-7
1024, Nidoran♀, 1.72161E-4, 8.551E-6, 1.741E-7
1024, Nidoran♂, 1.72161E-4, 8.54E-6, 1.8539999999999998E-7
1024, Nidoran♀, 1.72161E-4, 7.566E-6, 1.6965000000000001E-7
1024, Spearow, 1.72161E-4, 7.686E-6, 1.772E-7
1024, Beedrill, 1.72161E-4, 9.094E-6, 1.6039E-7
1024, Pikachu, 1.71032E-4, 7.572E-6, 1.7382E-7
1024, Dodrio, 1.71032E-4, 7.152E-6, 1.7664E-7
1024, Gloom, 1.71032E-4, 5.623E-6, 1.6765E-7
1024, Golem, 1.71032E-4, 5.733E-6, 2.0304E-7
1024, Beedrill, 1.71032E-4, 8.034E-6, 1.6997E-7
1024, Pikachu, 1.71411E-4, 7.545E-6, 1.6947E-7
1024, Golbat, 1.71411E-4, 7.641E-6, 1.7767E-7
1024, SlowbroMega Slowbro, 1.71411E-4, 5.095E-6, 1.671E-7
1024, Charmander, 1.71411E-4, 6.985E-6, 3.9010000000000003E-7
1024, Dugtrio, 1.71411E-4, 9.938E-6, 1.8873E-7
1024, Pikachu, 1.7877E-4, 7.459E-6, 1.8109E-7
1024, Nidoran♀, 1.7877E-4, 8.744E-6, 1.7339000000000002E-7
1024, GengarMega Gengar, 1.7877E-4, 6.215E-6, 1.575E-7
1024, Nidoqueen, 1.7877E-4, 7.135E-6, 2.0197999999999999E-7
1024, Pidgey, 1.7877E-4, 7.183E-6, 1.776E-7
1024, Pikachu, 1.71282E-4, 7.597E-6, 1.7204E-7
1024, Nidoran♀, 1.71282E-4, 8.931E-6, 1.7591000000000002E-7
1024, Wartortle, 1.71282E-4, 7.127E-6, 1.6552E-7
1024, Meowth, 1.71282E-4, 7.004E-6, 1.4438E-7
1024, Meowth, 1.71282E-4, 6.963E-6, 1.4249E-7
1024, Pikachu, 2.00564E-4, 8.173E-6, 3.0534E-7
1024, Oddish, 2.00564E-4, 7.414E-6, 1.5809E-7
1024, Machop, 2.00564E-4, 7.157E-6, 1.8099E-7
1024, Vileplume, 2.00564E-4, 6.884E-6, 1.5403E-7
1024, Weedle, 2.00564E-4, 6.953E-6, 1.8402E-7
1024, Pikachu, 1.71152E-4, 1.0554E-5, 1.6058E-7
1024, Charmander, 1.71152E-4, 6.495E-6, 1.8534E-7
1024, Poliwrath, 1.71152E-4, 7.151E-6, 1.7728E-7
1024, Bellsprout, 1.71152E-4, 6.211E-6, 1.6662000000000002E-7
1024, Geodude, 1.71152E-4, 7.789E-6, 1.5759E-7
1024, Pikachu, 1.72065E-4, 7.567E-6, 1.9488E-7
1024, Zubat, 1.72065E-4, 6.32E-6, 4.84644E-6
1024, Cloyster, 1.72065E-4, 1.2088E-5, 3.27248E-6
1024, Raticate, 1.72065E-4, 1.1042E-5, 2.66477E-6
1024, Kakuna, 1.72065E-4, 9.283E-6, 3.0773200000000003E-6
1024, Pikachu, 2.23155E-4, 9.923E-6, 3.1426E-6
1024, Seel, 2.23155E-4, 7.582E-6, 2.89901E-6
1024, Sandslash, 2.23155E-4, 9.315E-6, 2.98889E-6
1024, Vileplume, 2.23155E-4, 9.062E-6, 2.71326E-6
1024, Diglett, 2.23155E-4, 1.0468E-5, 2.66582E-6
1024, Arbok, 2.29272E-4, 7.198E-6, 1.01182E-6
1024, Charmeleon, 2.29272E-4, 8.597E-6, 8.3849E-7
1024, Paras, 2.29272E-4, 7.798E-6, 7.0987E-7
1024, Ninetales, 2.29272E-4, 9.324E-6, 7.469899999999999E-7
1024, Victreebel, 2.29272E-4, 7.984E-6, 7.6384E-7
1024, Arbok, 2.29721E-4, 7.28E-6, 7.119999999999999E-7
1024, Growlithe, 2.29721E-4, 9.296E-6, 7.48E-7
1024, Farfetch'd, 2.29721E-4, 8.307E-6, 7.619200000000001E-7
1024, Arcanine, 2.29721E-4, 1.0422E-5, 7.0571E-7
1024, Nidorino, 2.29721E-4, 1.1069E-5, 7.2524E-7
1024, Pikachu, 2.27258E-4, 9.98E-6, 7.6017E-7
1024, VenusaurMega Venusaur, 2.27258E-4, 7.003E-6, 7.4219E-7
1024, Venusaur, 2.27258E-4, 1.0794E-5, 9.4785E-7
1024, Muk, 2.27258E-4, 7.037E-6, 7.5262E-7
1024, Metapod, 2.27258E-4, 1.0096E-5, 7.874599999999999E-7
1024, Pikachu, 2.23653E-4, 9.783E-6, 7.3729E-7
1024, Mankey, 2.23653E-4, 9.572E-6, 7.4365E-7
1024, Clefable, 2.23653E-4, 1.082E-5, 8.1136E-7
1024, Beedrill, 2.23653E-4, 1.0524E-5, 7.6888E-7
1024, Nidoking, 2.23653E-4, 1.1126E-5, 6.8459E-7
1024, Arbok, 2.26168E-4, 7.4E-6, 7.3777E-7
1024, Weepinbell, 2.26168E-4, 9.129E-6, 7.7372E-7
1024, Bellsprout, 2.26168E-4, 8.215E-6, 7.1327E-7
1024, Sandshrew, 2.26168E-4, 9.12E-6, 6.9168E-7
1024, Bellsprout, 2.26168E-4, 7.991E-6, 8.3065E-7
1024, Arbok, 2.21019E-4, 7.31E-6, 7.063400000000001E-7
1024, Bellsprout, 2.21019E-4, 8.149E-6, 7.1678E-7
1024, Blastoise, 2.21019E-4, 9.009E-6, 7.387699999999999E-7
1024, Sandshrew, 2.21019E-4, 8.914E-6, 7.8119E-7
1024, Nidorina, 2.21019E-4, 1.1204E-5, 7.2569E-7
1024, Arbok, 2.25319E-4, 7.118E-6, 7.192100000000001E-7
1024, Primeape, 2.25319E-4, 1.0596E-5, 7.221999999999999E-7
1024, Spearow, 2.25319E-4, 1.0191E-5, 7.8908E-7
1024, Magneton, 2.25319E-4, 1.0711E-5, 7.4725E-7
1024, Weepinbell, 2.25319E-4, 8.085E-6, 7.7529E-7
1024, Arbok, 2.23168E-4, 7.397E-6, 7.4328E-7
1024, Beedrill, 2.23168E-4, 1.0719E-5, 7.545999999999999E-7
1024, Nidoqueen, 2.23168E-4, 9.113E-6, 7.4575E-7
1024, CharizardMega Charizard X, 2.23168E-4, 6.61E-6, 7.899899999999999E-7
1024, Nidoran♂, 2.23168E-4, 1.1115E-5, 7.763800000000001E-7
1024, Sandshrew, 2.31451E-4, 8.933E-6, 7.185800000000001E-7
1024, Oddish, 2.31451E-4, 9.481E-6, 6.9297E-7
1024, GengarMega Gengar, 2.31451E-4, 6.42E-6, 7.2575E-7
1024, Mankey, 2.31451E-4, 9.52E-6, 7.4236E-7
1024, Graveler, 2.31451E-4, 1.0426E-5, 7.7001E-7
1024, Sandshrew, 2.26078E-4, 9.031E-6, 7.3025E-7
1024, Grimer, 2.26078E-4, 9.232E-6, 6.1817E-7
1024, Nidoran♂, 2.26078E-4, 1.1245E-5, 7.9825E-7
1024, Mankey, 2.26078E-4, 9.268E-6, 7.475999999999999E-7
1024, Butterfree, 2.26078E-4, 8.164E-6, 7.2939E-7
1024, Sandshrew, 2.30525E-4, 9.144E-6, 7.044599999999999E-7
1024, Dewgong, 2.30525E-4, 1.0303E-5, 7.5018E-7
1024, Venonat, 2.30525E-4, 9.826E-6, 7.6204E-7
1024, Butterfree, 2.30525E-4, 8.08E-6, 7.3344E-7
1024, Golem, 2.30525E-4, 7.386E-6, 7.809E-7
1024, Sandshrew, 2.23932E-4, 9.008E-6, 7.2518E-7
1024, Gloom, 2.23932E-4, 7.943E-6, 7.1795E-7
1024, Doduo, 2.23932E-4, 7.492E-6, 7.2944E-7
1024, Nidoqueen, 2.23932E-4, 8.98E-6, 7.402E-7
1024, Kakuna, 2.23932E-4, 8.964E-6, 7.554E-7
1024, Raichu, 2.22336E-4, 8.899E-6, 7.4803E-7
1024, Charmeleon, 2.22336E-4, 8.528E-6, 7.4744E-7
1024, Pidgeot, 2.22336E-4, 1.0281E-5, 7.812700000000001E-7
1024, Arbok, 2.22336E-4, 2.0838E-5, 6.2012E-7
1024, Tentacool, 2.22336E-4, 7.811E-6, 7.1196E-7
1024, Raichu, 2.02677E-4, 7.863E-6, 6.7608E-7
1024, Growlithe, 2.02677E-4, 8.389E-6, 6.5858E-7
1024, Mankey, 2.02677E-4, 7.968E-6, 6.6139E-7
1024, Venomoth, 2.02677E-4, 1.0627E-5, 6.0966E-7
1024, Nidoking, 2.02677E-4, 9.517E-6, 6.1612E-7
1024, Raichu, 1.97685E-4, 7.848E-6, 6.6961E-7
1024, Vileplume, 1.97685E-4, 8.314E-6, 5.9397E-7
1024, Weepinbell, 1.97685E-4, 7.244E-6, 7.156599999999999E-7
1024, Slowbro, 1.97685E-4, 8.779E-6, 6.597199999999999E-7
1024, Tentacruel, 1.97685E-4, 6.98E-6, 5.7008E-7
1024, Raichu, 1.98247E-4, 7.663E-6, 6.9713E-7
1024, Charizard, 1.98247E-4, 8.223E-6, 6.8107E-7
1024, SlowbroMega Slowbro, 1.98247E-4, 5.904E-6, 6.43E-7
1024, CharizardMega Charizard Y, 1.98247E-4, 5.771E-6, 6.351500000000001E-7
1024, Clefairy, 1.98247E-4, 9.418E-6, 6.734199999999999E-7
1024, Raichu, 1.78217E-4, 6.91E-6, 5.9419E-7
1024, Arcanine, 1.78217E-4, 8.342E-6, 6.410399999999999E-7
1024, Pikachu, 1.78217E-4, 8.098E-6, 7.9961E-7
1024, Beedrill, 1.78217E-4, 1.0109E-5, 6.585999999999999E-7
1024, Nidoqueen, 1.78217E-4, 8.191E-6, 6.582600000000001E-7
1024, Raichu, 2.11915E-4, 8.249E-6, 7.4145E-7
1024, Pidgey, 2.11915E-4, 9.149E-6, 8.8489E-7
1024, Clefairy, 2.11915E-4, 1.0315E-5, 6.4455E-7
1024, Ninetales, 2.11915E-4, 8.414E-6, 8.1626E-7
1024, Haunter, 2.11915E-4, 8.816E-6, 7.7433E-7
1024, Raichu, 1.97419E-4, 7.733E-6, 6.6101E-7
1024, Beedrill, 1.97419E-4, 9.798E-6, 6.7327E-7
1024, AlakazamMega Alakazam, 1.97419E-4, 6.085E-6, 6.7326E-7
1024, Bellsprout, 1.97419E-4, 6.969E-6, 6.4402E-7
1024, Nidorino, 1.97419E-4, 9.911E-6, 6.3694E-7
1024, Raichu, 2.06538E-4, 7.812E-6, 7.0954E-7
1024, Kakuna, 2.06538E-4, 8.235E-6, 6.7952E-7
1024, Dewgong, 2.06538E-4, 8.885E-6, 6.563099999999999E-7
1024, Haunter, 2.06538E-4, 8.631E-6, 5.9727E-7
1024, GengarMega Gengar, 2.06538E-4, 5.624E-6, 6.414E-7
1024, Raichu, 1.98985E-4, 9.136E-6, 6.740999999999999E-7
1024, Sandshrew, 1.98985E-4, 8.151E-6, 6.208700000000001E-7
1024, Raticate, 1.98985E-4, 9.394E-6, 7.0867E-7
1024, Seel, 1.98985E-4, 1.9963E-5, 1.02328E-6
1024, Golduck, 1.98985E-4, 8.709E-6, 6.0522E-7
1024, Pikachu, 2.53047E-4, 1.0292E-5, 8.3106E-7
1024, Tentacruel, 2.53047E-4, 8.55E-6, 7.6581E-7
1024, Arcanine, 2.53047E-4, 1.0915E-5, 7.328199999999999E-7
1024, Blastoise, 2.53047E-4, 9.332E-6, 7.629799999999999E-7
1024, Cloyster, 2.53047E-4, 1.2693E-5, 6.731299999999999E-7
1024, Raichu, 2.59786E-4, 8.58E-6, 7.608199999999999E-7
1024, Tentacool, 2.59786E-4, 9.02E-6, 7.666899999999999E-7
1024, Tentacruel, 2.59786E-4, 7.874E-6, 6.3532E-7
1024, Abra, 2.59786E-4, 6.356E-6, 7.020999999999999E-7
1024, Nidorina, 2.59786E-4, 1.0691E-5, 6.7229E-7
1024, Raichu, 2.6508E-4, 8.51E-6, 2.5964999999999997E-7
1024, Victreebel, 2.6508E-4, 8.021E-6, 2.5322E-7
1024, Butterfree, 2.6508E-4, 7.791E-6, 2.1782E-7
1024, Abra, 2.6508E-4, 6.303E-6, 2.1319E-7
1024, Gastly, 2.6508E-4, 8.928E-6, 2.2666E-7
1024, Fearow, 2.20518E-4, 8.712E-6, 2.0390999999999998E-7
1024, Kakuna, 2.20518E-4, 8.843E-6, 2.1778E-7
1024, Kakuna, 2.20518E-4, 8.606E-6, 2.3826E-7
1024, Pidgeotto, 2.20518E-4, 8.476E-6, 2.1529999999999998E-7
1024, Haunter, 2.20518E-4, 9.601E-6, 2.0393E-7
1024, Fearow, 2.15514E-4, 8.55E-6, 2.2358E-7
1024, Bellsprout, 2.15514E-4, 7.885E-6, 2.1597999999999998E-7
1024, Clefairy, 2.15514E-4, 1.0644E-5, 2.1427E-7
1024, Zubat, 2.15514E-4, 7.275E-6, 2.1526E-7
1024, Nidorina, 2.15514E-4, 1.0445E-5, 4.6551999999999995E-7
1024, Fearow, 2.16905E-4, 8.524E-6, 2.032E-7
1024, Growlithe, 2.16905E-4, 8.866E-6, 2.2089000000000001E-7
1024, AlakazamMega Alakazam, 2.16905E-4, 6.591E-6, 2.2342E-7
1024, Gastly, 2.16905E-4, 8.99E-6, 2.4495E-7
1024, Nidoran♂, 2.16905E-4, 1.0732E-5, 2.3506000000000002E-7
1024, Fearow, 2.18302E-4, 8.529E-6, 2.3988E-7
1024, Beedrill, 2.18302E-4, 1.0208E-5, 2.2479E-7
1024, CharizardMega Charizard X, 2.18302E-4, 6.513E-6, 2.2916E-7
1024, Pidgeotto, 2.18302E-4, 8.514E-6, 2.0617E-7
1024, Nidoqueen, 2.18302E-4, 8.645E-6, 2.4745E-7
2048, Venusaur, 4.70901E-4, 1.8156E-5, 3.0083E-7
2048, KangaskhanMega Kangaskhan, 4.70901E-4, 1.505E-5, 2.6365E-7
2048, Dragonair, 4.70901E-4, 1.6682E-5, 2.7549E-7
2048, Chinchou, 4.70901E-4, 1.9879E-5, 2.3952E-7
2048, Hypno, 4.70901E-4, 1.3615E-5, 2.7800000000000003E-7
2048, Venusaur, 4.68277E-4, 1.789E-5, 3.0996E-7
2048, Cyndaquil, 4.68277E-4, 1.6684E-5, 2.7548000000000003E-7
2048, Machop, 4.68277E-4, 1.8334E-5, 2.9461E-7
2048, Moltres, 4.68277E-4, 2.2872E-5, 2.5223E-7
2048, Charizard, 4.68277E-4, 1.6405E-5, 2.9456999999999997E-7
2048, VenusaurMega Venusaur, 4.70451E-4, 1.1492E-5, 2.5468E-7
2048, Kangaskhan, 4.70451E-4, 1.5173E-5, 2.8816999999999997E-7
2048, BeedrillMega Beedrill, 4.70451E-4, 1.2386E-5, 2.4585E-7
2048, Seel, 4.70451E-4, 1.6493E-5, 2.8339E-7
2048, Mr. Mime, 4.70451E-4, 1.8645E-5, 2.7278E-7
2048, Venusaur, 4.74242E-4, 1.8592E-5, 2.8886E-7
2048, KangaskhanMega Kangaskhan, 4.74242E-4, 1.223E-5, 3.0827E-7
2048, Farfetch'd, 4.74242E-4, 1.4798E-5, 2.6281E-7
2048, Moltres, 4.74242E-4, 2.0953E-5, 8.0412E-7
2048, Sandshrew, 4.74242E-4, 1.6517E-5, 2.8979E-7
2048, Venusaur, 5.42319E-4, 1.7234E-5, 2.4602E-7
2048, Ekans, 5.42319E-4, 1.2449E-5, 2.3402999999999999E-7
2048, Goldeen, 5.42319E-4, 4.5446E-5, 3.8611E-7
2048, Magneton, 5.42319E-4, 1.7392E-5, 2.3964E-7
2048, Koffing, 5.42319E-4, 1.9112E-5, 2.3191E-7
2048, Ivysaur, 4.80307E-4, 2.0777E-5, 2.2283999999999998E-7
2048, Ekans, 4.80307E-4, 1.3905E-5, 2.6374E-7
2048, Blastoise, 4.80307E-4, 1.6532E-5, 2.3844E-7
2048, AerodactylMega Aerodactyl, 4.80307E-4, 1.2225E-5, 2.0997E-7
2048, Beedrill, 4.80307E-4, 1.8194E-5, 2.2271000000000001E-7
2048, Venusaur, 4.75767E-4, 1.8355E-5, 2.4072E-7
2048, Quilava, 4.75767E-4, 2.1165E-5, 2.1776999999999997E-7
2048, Totodile, 4.75767E-4, 1.8863E-5, 2.0523E-7
2048, Nidoqueen, 4.75767E-4, 1.6472E-5, 2.2939E-7
2048, Ditto, 4.75767E-4, 1.3387E-5, 2.027E-7
2048, Venusaur, 4.76416E-4, 1.8363E-5, 2.396E-7
2048, Kabuto, 4.76416E-4, 1.8416E-5, 2.3275E-7
2048, Dugtrio, 4.76416E-4, 2.0848E-5, 2.2664E-7
2048, Growlithe, 4.76416E-4, 1.6277E-5, 2.2404E-7
2048, Bayleef, 4.76416E-4, 2.0708E-5, 2.2662E-7
2048, Ivysaur, 4.72317E-4, 2.0639E-5, 2.2062E-7
2048, Diglett, 4.72317E-4, 2.1464E-5, 2.3161E-7
2048, Poliwag, 4.72317E-4, 2.0952E-5, 2.0773E-7
2048, Sandshrew, 4.72317E-4, 1.667E-5, 2.4038E-7
2048, Staryu, 4.72317E-4, 1.7812E-5, 2.2929E-7
2048, Ivysaur, 4.71644E-4, 2.1031E-5, 2.2447E-7
2048, Dugtrio, 4.71644E-4, 2.1288E-5, 2.4652E-7
2048, MewtwoMega Mewtwo Y, 4.71644E-4, 1.2616E-5, 2.4988E-7
2048, Psyduck, 4.71644E-4, 2.0945E-5, 1.8895E-7
2048, Pikachu, 4.71644E-4, 2.4747E-5, 4.7699E-7
2048, Ivysaur, 4.6784E-4, 2.0624E-5, 2.435E-7
2048, Wartortle, 4.6784E-4, 1.689E-5, 2.2082999999999997E-7
2048, Exeggutor, 4.6784E-4, 1.6529E-5, 2.2144E-7
2048, Ledian, 4.6784E-4, 1.7987E-5, 2.014E-7
2048, Doduo, 4.6784E-4, 1.355E-5, 2.3828999999999997E-7
2048, Ivysaur, 4.76856E-4, 2.0566E-5, 2.1637999999999998E-7
2048, Machamp, 4.76856E-4, 2.1409E-5, 2.4985E-7
2048, Spinarak, 4.76856E-4, 1.8546E-5, 2.1347000000000002E-7
2048, Charizard, 4.76856E-4, 1.6246E-5, 2.3945E-7
2048, Ledyba, 4.76856E-4, 1.7773E-5, 1.8395E-7
2048, Bulbasaur, 4.73327E-4, 1.6061E-5, 2.4250999999999997E-7
2048, GengarMega Gengar, 4.73327E-4, 1.1864E-5, 2.2176E-7
2048, Sandshrew, 4.73327E-4, 1.6525E-5, 2.3807000000000001E-7
2048, KangaskhanMega Kangaskhan, 4.73327E-4, 1.1813E-5, 2.2187E-7
2048, GyaradosMega Gyarados, 4.73327E-4, 1.1571E-5, 2.1614999999999999E-7
2048, Bulbasaur, 4.69192E-4, 1.5966E-5, 2.3380999999999997E-7
2048, Jolteon, 4.69192E-4, 2.0947E-5, 2.4255E-7
2048, Onix, 4.69192E-4, 1.232E-5, 1.9831E-7
2048, Venusaur, 4.69192E-4, 1.8721E-5, 2.3629E-7
2048, Mew, 4.69192E-4, 1.1579E-5, 2.3404000000000002E-7
2048, Bulbasaur, 5.87499E-4, 1.6191E-5, 2.4054999999999997E-7
2048, Gengar, 5.87499E-4, 1.846E-5, 2.1348E-7
2048, Oddish, 5.87499E-4, 1.7949E-5, 2.1162E-7
2048, Slowpoke, 5.87499E-4, 1.8336E-5, 2.359E-7
2048, Onix, 5.87499E-4, 3.473E-5, 3.3930000000000003E-7
2048, Bulbasaur, 4.71834E-4, 2.1754E-5, 2.4103E-7
2048, Gengar, 4.71834E-4, 1.8105E-5, 2.3493999999999998E-7
2048, Porygon, 4.71834E-4, 2.1417E-5, 2.2716E-7
2048, Omastar, 4.71834E-4, 2.0856E-5, 2.2561E-7
2048, Charmander, 4.71834E-4, 1.4599E-5, 2.4185999999999997E-7
2048, Charmeleon, 4.84964E-4, 1.4447E-5, 2.0028E-7
2048, Gengar, 4.84964E-4, 1.8557E-5, 2.1452000000000002E-7
2048, Nidoran♀, 4.84964E-4, 1.9077E-5, 2.2123E-7
2048, Mankey, 4.84964E-4, 1.8382E-5, 2.1056E-7
2048, Rhydon, 4.84964E-4, 1.8068E-5, 2.0781E-7
2048, Charmeleon, 4.75555E-4, 1.4435E-5, 1.9716E-7
2048, Gengar, 4.75555E-4, 1.8483E-5, 2.3331000000000002E-7
2048, Hypno, 4.75555E-4, 1.364E-5, 2.2493E-7
2048, Magnemite, 4.75555E-4, 1.6415E-5, 2.2618E-7
2048, Pidgeotto, 4.75555E-4, 1.6058E-5, 2.4241999999999997E-7
2048, Charizard, 4.74666E-4, 1.6013E-5, 2.4278999999999997E-7
2048, Diglett, 4.74666E-4, 2.1307E-5, 2.3139E-7
2048, Pidgeot, 4.74666E-4, 2.0722E-5, 2.3516E-7
2048, Squirtle, 4.74666E-4, 1.8727E-5, 2.2968E-7
2048, Jolteon, 4.74666E-4, 2.0513E-5, 2.2847E-7
2048, Charmeleon, 4.70379E-4, 1.4146E-5, 1.9708E-7
2048, Rhyhorn, 4.70379E-4, 2.1199E-5, 3.1904E-7
2048, Seel, 4.70379E-4, 1.2193E-5, 2.2580999999999998E-7
2048, Nidorina, 4.70379E-4, 1.9004E-5, 2.3632E-7
2048, Quilava, 4.70379E-4, 2.0565E-5, 2.1803E-7
2048, Charmander, 4.71564E-4, 1.4507E-5, 2.4706E-7
2048, Flareon, 4.71564E-4, 2.1496E-5, 2.0282E-7
2048, Dratini, 4.71564E-4, 2.5823E-5, 2.0784E-7
2048, Charmeleon, 4.71564E-4, 1.5061E-5, 1.9400000000000002E-7
2048, Scyther, 4.71564E-4, 2.0789E-5, 2.2396999999999999E-7
2048, Charmander, 4.73507E-4, 1.4406E-5, 2.4046E-7
2048, Charmeleon, 4.73507E-4, 1.5021E-5, 1.9134999999999998E-7
2048, Ninetales, 4.73507E-4, 1.6478E-5, 2.2582000000000002E-7
2048, Raichu, 4.73507E-4, 1.809E-5, 2.2249E-7
2048, Articuno, 4.73507E-4, 1.8326E-5, 2.0916999999999999E-7
2048, Charmeleon, 4.7492E-4, 1.4457E-5, 4.2252E-7
2048, Jolteon, 4.7492E-4, 2.755E-5, 2.0622E-7
2048, Sentret, 4.7492E-4, 2.0995E-5, 1.9618E-7
2048, Gengar, 4.7492E-4, 1.7838E-5, 1.9381999999999997E-7
2048, Dewgong, 4.7492E-4, 2.0677E-5, 1.9783999999999998E-7
2048, Charmeleon, 4.79348E-4, 1.4466E-5, 1.7266E-7
2048, Jolteon, 4.79348E-4, 2.0825E-5, 2.0586E-7
2048, Psyduck, 4.79348E-4, 2.0882E-5, 1.6623E-7
2048, Goldeen, 4.79348E-4, 2.0915E-5, 2.1802E-7
2048, Ariados, 4.79348E-4, 2.0464E-5, 1.7447999999999998E-7
2048, Charmander, 4.69199E-4, 1.4092E-5, 2.2042E-7
2048, Vileplume, 4.69199E-4, 1.709E-5, 2.139E-7
2048, Kadabra, 4.69199E-4, 2.0806E-5, 2.0197999999999999E-7
2048, Shellder, 4.69199E-4, 1.8314E-5, 2.1258E-7
2048, Nidorina, 4.69199E-4, 1.8747E-5, 2.1303E-7
2048, Charmander, 4.65748E-4, 1.3737E-5, 2.186E-7
2048, Paras, 4.65748E-4, 1.3418E-5, 2.1546E-7
2048, Squirtle, 4.65748E-4, 1.8232E-5, 2.1064E-7
2048, Kangaskhan, 4.65748E-4, 1.5794E-5, 2.1438E-7
2048, Meganium, 4.65748E-4, 1.8237E-5, 2.1296E-7
2048, Charmander, 4.70117E-4, 1.7675E-5, 2.2382E-7
2048, Charmeleon, 4.70117E-4, 1.4394E-5, 1.6928000000000002E-7
2048, Hitmonlee, 4.70117E-4, 1.5792E-5, 1.7073E-7
2048, Meowth, 4.70117E-4, 1.7944E-5, 1.9593E-7
2048, Krabby, 4.70117E-4, 1.7602E-5, 2.0026000000000002E-7
2048, Charmander, 5.51019E-4, 1.4139E-5, 2.187E-7
2048, Feraligatr, 5.51019E-4, 1.4646E-5, 2.0273000000000002E-7
2048, Lanturn, 5.51019E-4, 2.0678E-5, 1.5042E-7
2048, AlakazamMega Alakazam, 5.51019E-4, 1.1853E-5, 2.0142E-7
2048, CharizardMega Charizard X, 5.51019E-4, 1.2075E-5, 1.9966000000000003E-7
2048, VenusaurMega Venusaur, 5.14628E-4, 1.1372E-5, 1.7524E-7
2048, Tentacool, 5.14628E-4, 1.5971E-5, 2.0985E-7
2048, Nidorina, 5.14628E-4, 1.8901E-5, 2.1473E-7
2048, Clefairy, 5.14628E-4, 1.998E-5, 2.0947E-7
2048, Dodrio, 5.14628E-4, 1.7767E-5, 1.9942E-7
2048, VenusaurMega Venusaur, 5.40157E-4, 1.1538E-5, 1.7795000000000003E-7
2048, Tentacruel, 5.40157E-4, 1.477E-5, 2.0342E-7
2048, Kakuna, 5.40157E-4, 1.7983E-5, 1.7159999999999997E-7
2048, Poliwrath, 5.40157E-4, 1.6406E-5, 2.203E-7
2048, Ledian, 5.40157E-4, 1.7936E-5, 1.8161000000000002E-7
2048, VenusaurMega Venusaur, 4.69021E-4, 1.1592E-5, 1.7638999999999998E-7
2048, Sandslash, 4.69021E-4, 1.6436E-5, 1.9862000000000001E-7
2048, Geodude, 4.69021E-4, 2.0962E-5, 2.0894E-7
2048, Ivysaur, 4.69021E-4, 2.0306E-5, 1.9296E-7
2048, Weezing, 4.69021E-4, 2.0348E-5, 2.1128000000000002E-7
2048, VenusaurMega Venusaur, 4.68037E-4, 1.1214E-5, 1.7506E-7
2048, Muk, 4.68037E-4, 1.1877E-5, 2.1038E-7
2048, Kabuto, 4.68037E-4, 1.7936E-5, 1.9136000000000001E-7
2048, Fearow, 4.68037E-4, 1.7708E-5, 2.0878E-7
2048, BeedrillMega Beedrill, 4.68037E-4, 1.1822E-5, 1.7278E-7
2048, Crobat, 4.75897E-4, 1.754E-5, 1.5654E-7
2048, Wartortle, 4.75897E-4, 1.6305E-5, 2.0344E-7
2048, Horsea, 4.75897E-4, 1.8094E-5, 1.8892000000000003E-7
2048, VenusaurMega Venusaur, 4.75897E-4, 1.1956E-5, 1.7465999999999998E-7
2048, PinsirMega Pinsir, 4.75897E-4, 1.1436E-5, 2.0591999999999998E-7
2048, Crobat, 4.75785E-4, 1.7335E-5, 1.5659999999999999E-7
2048, Blastoise, 4.75785E-4, 1.6381E-5, 2.0446E-7
2048, Poliwhirl, 4.75785E-4, 1.6356E-5, 2.0834E-7
2048, Pikachu, 4.75785E-4, 2.0872E-5, 1.9394999999999999E-7
2048, Dragonite, 4.75785E-4, 1.6653E-5, 2.1142E-7
2048, Chinchou, 4.75494E-4, 1.7827E-5, 1.8661E-7
2048, Kabutops, 4.75494E-4, 1.8415E-5, 2.0907E-7
2048, Quilava, 4.75494E-4, 2.0738E-5, 1.9332E-7
2048, Kabuto, 4.75494E-4, 1.8551E-5, 1.8709E-7
2048, Gastly, 4.75494E-4, 1.7415E-5, 2.0653E-7
2048, Chinchou, 4.71362E-4, 1.7921E-5, 3.7457E-7
2048, Kabutops, 4.71362E-4, 1.8671E-5, 2.1464999999999998E-7
2048, Venomoth, 4.71362E-4, 1.8513E-5, 3.914E-7
2048, Hoothoot, 4.71362E-4, 5.1423E-5, 3.4462E-7
2048, Bulbasaur, 4.71362E-4, 1.5872E-5, 2.0895E-7
2048, Crobat, 4.72581E-4, 2.1028E-5, 2.3087E-7
2048, Dugtrio, 4.72581E-4, 2.415E-5, 2.2761E-7
2048, Doduo, 4.72581E-4, 1.3683E-5, 2.1142E-7
2048, Flareon, 4.72581E-4, 4.823E-5, 1.8656E-7
2048, Omastar, 4.72581E-4, 2.124E-5, 3.4628E-7
2048, Ariados, 4.72464E-4, 2.0643E-5, 1.7357E-7
2048, Nidorino, 4.72464E-4, 1.9295E-5, 2.1536E-7
2048, Mewtwo, 4.72464E-4, 1.8248E-5, 1.7958E-7
2048, Chansey, 4.72464E-4, 2.0836E-5, 2.0290999999999998E-7
2048, Feraligatr, 4.72464E-4, 1.4603E-5, 2.0287000000000002E-7
2048, Crobat, 4.7248E-4, 1.7407E-5, 1.5717E-7
2048, Ledyba, 4.7248E-4, 1.8E-5, 1.6202E-7
2048, PinsirMega Pinsir, 4.7248E-4, 1.1651E-5, 2.0326E-7
2048, Dugtrio, 4.7248E-4, 2.0619E-5, 2.0273000000000002E-7
2048, Cubone, 4.7248E-4, 1.8111E-5, 2.086E-7
2048, Crobat, 4.88096E-4, 1.7872E-5, 1.6317999999999998E-7
2048, Dugtrio, 4.88096E-4, 2.1967E-5, 2.0662E-7
2048, Pidgey, 4.88096E-4, 1.8738E-5, 2.1564E-7
2048, Raticate, 4.88096E-4, 1.9298E-5, 2.0874E-7
2048, Caterpie, 4.88096E-4, 1.8472E-5, 1.9004999999999998E-7
2048, Ariados, 4.87573E-4, 2.0922E-5, 1.7889E-7
2048, Rapidash, 4.87573E-4, 1.9208E-5, 2.0073E-7
2048, Pikachu, 4.87573E-4, 2.1346E-5, 2.0103E-7
2048, Parasect, 4.87573E-4, 1.8711E-5, 2.1083000000000002E-7
2048, Cloyster, 4.87573E-4, 1.9076E-5, 2.2104E-7
2048, Ariados, 4.84068E-4, 2.1132E-5, 1.7818000000000002E-7
2048, Seaking, 4.84068E-4, 2.1818E-5, 2.2052000000000002E-7
2048, Gengar, 4.84068E-4, 1.8432E-5, 1.9673999999999997E-7
2048, Koffing, 4.84068E-4, 2.1321E-5, 2.6365E-7
2048, Pichu, 4.84068E-4, 1.3997E-5, 1.895E-7
2048, Ariados, 4.92593E-4, 2.0954E-5, 1.7813E-7
2048, GengarMega Gengar, 4.92593E-4, 1.1939E-5, 2.0165E-7
2048, Bellsprout, 4.92593E-4, 1.4837E-5, 2.1682E-7
2048, Pichu, 4.92593E-4, 1.358E-5, 1.8490000000000002E-7
2048, KangaskhanMega Kangaskhan, 4.92593E-4, 1.2291E-5, 2.0664E-7
2048, Ariados, 5.13015E-4, 2.0898E-5, 1.7713000000000003E-7
2048, Ponyta, 5.13015E-4, 1.8819E-5, 2.0183999999999999E-7
2048, Jolteon, 5.13015E-4, 2.131E-5, 2.1038E-7
2048, Spearow, 5.13015E-4, 2.1025E-5, 2.0098E-7
2048, Raticate, 5.13015E-4, 1.91E-5, 2.0494E-7
2048, Spinarak, 4.88951E-4, 1.8523E-5, 1.9709E-7
2048, Feraligatr, 4.88951E-4, 1.5253E-5, 2.0919E-7
2048, Crobat, 4.88951E-4, 1.8648E-5, 1.5913000000000002E-7
2048, Ariados, 4.88951E-4, 2.1169E-5, 1.768E-7
2048, Exeggcute, 4.88951E-4, 1.6829E-5, 2.1679E-7
2048, Spinarak, 4.79863E-4, 1.8431E-5, 1.9522999999999998E-7
2048, Sentret, 4.79863E-4, 2.1564E-5, 2.0007E-7
2048, Poliwrath, 4.79863E-4, 1.6909E-5, 2.2667E-7
2048, Pidgeot, 4.79863E-4, 2.1377E-5, 2.1090999999999997E-7
2048, Blastoise, 4.79863E-4, 1.6693E-5, 2.1104999999999997E-7
2048, Ariados, 4.86159E-4, 2.1232E-5, 1.7939E-7
2048, Staryu, 4.86159E-4, 1.9017E-5, 2.0950000000000002E-7
2048, Clefable, 4.86159E-4, 1.9312E-5, 2.0661000000000002E-7
2048, Ditto, 4.86159E-4, 1.3922E-5, 1.8340000000000001E-7
2048, Pinsir, 4.86159E-4, 2.3572E-5, 2.2461999999999998E-7
2048, Spinarak, 4.83335E-4, 2.2875E-5, 1.9779000000000003E-7
2048, Starmie, 4.83335E-4, 2.1847E-5, 1.729E-7
2048, Cubone, 4.83335E-4, 1.8232E-5, 2.1495E-7
2048, Koffing, 4.83335E-4, 2.146E-5, 2.1724E-7
2048, Nidoran♂, 4.83335E-4, 1.9625E-5, 2.2869000000000002E-7
2048, Pichu, 4.88553E-4, 1.3217E-5, 1.9329E-7
2048, Staryu, 4.88553E-4, 1.8971E-5, 2.1331E-7
2048, Zapdos, 4.88553E-4, 1.8586E-5, 1.9812E-7
2048, Rhydon, 4.88553E-4, 1.8127E-5, 1.8808999999999999E-7
2048, Aerodactyl, 4.88553E-4, 1.4813E-5, 2.086E-7
2048, Pichu, 4.87498E-4, 1.3262E-5, 1.9057000000000002E-7
2048, Feraligatr, 4.87498E-4, 1.4739E-5, 2.0814E-7
2048, Kadabra, 4.87498E-4, 2.1375E-5, 2.0897E-7
2048, Dewgong, 4.87498E-4, 2.1024E-5, 2.0211999999999999E-7
2048, Hoothoot, 4.87498E-4, 1.8875E-5, 2.0728E-7
2048, Bulbasaur, 4.83528E-4, 1.6112E-5, 2.2164999999999998E-7
2048, Flareon, 4.83528E-4, 2.198E-5, 1.8550000000000001E-7
2048, Croconaw, 4.83528E-4, 1.9368E-5, 2.1103E-7
2048, Ekans, 4.83528E-4, 1.3738E-5, 2.1597E-7
2048, Hitmonchan, 4.83528E-4, 1.4825E-5, 2.1331E-7
2048, Bulbasaur, 4.84708E-4, 1.6176E-5, 2.2673000000000002E-7
2048, Staryu, 4.84708E-4, 1.867E-5, 2.1291999999999998E-7
2048, Slowbro, 4.84708E-4, 2.1479E-5, 2.586E-7
2048, Diglett, 4.84708E-4, 2.1546E-5, 2.1559000000000001E-7
2048, Weedle, 4.84708E-4, 1.8645E-5, 1.904E-7
2048, Pichu, 4.90998E-4, 1.2976E-5, 1.9221E-7
2048, Sandslash, 4.90998E-4, 1.7279E-5, 2.4100999999999996E-7
2048, KangaskhanMega Kangaskhan, 4.90998E-4, 1.2661E-5, 2.0951E-7
2048, Rattata, 4.90998E-4, 2.1275E-5, 2.1852999999999999E-7
2048, Gengar, 4.90998E-4, 1.874E-5, 1.9802000000000002E-7
2048, Lanturn, 4.89369E-4, 2.1271E-5, 1.5562E-7
2048, Sandslash, 4.89369E-4, 1.7184E-5, 2.0799E-7
2048, CharizardMega Charizard X, 4.89369E-4, 1.2135E-5, 2.0586E-7
2048, Paras, 4.89369E-4, 1.3705E-5, 2.2154E-7
2048, Venusaur, 4.89369E-4, 1.8739E-5, 2.1971E-7
2048, Pichu, 4.83595E-4, 1.2975E-5, 1.9008000000000002E-7
2048, Feraligatr, 4.83595E-4, 1.5299E-5, 2.0975E-7
2048, Gyarados, 4.83595E-4, 1.8887E-5, 2.1865000000000002E-7
2048, Rhydon, 4.83595E-4, 1.8608E-5, 1.8772E-7
2048, Goldeen, 4.83595E-4, 2.1743E-5, 2.2003E-7
2048, Pichu, 4.31327E-4, 1.1652E-5, 1.6643E-7
2048, Sentret, 4.31327E-4, 1.9411E-5, 1.7346999999999998E-7
2048, Rattata, 4.31327E-4, 1.9056E-5, 1.917E-7
2048, Lanturn, 4.31327E-4, 1.8674E-5, 1.3616E-7
2048, Ekans, 4.31327E-4, 1.2025E-5, 1.8994000000000002E-7
2048, Lanturn, 4.31785E-4, 1.8615E-5, 1.3757E-7
2048, Tentacruel, 4.31785E-4, 1.349E-5, 1.846E-7
2048, Primeape, 4.31785E-4, 1.6736E-5, 1.902E-7
2048, Snorlax, 4.31785E-4, 1.8787E-5, 1.8893E-7
2048, Marowak, 4.31785E-4, 1.9013E-5, 1.838E-7
2048, Lanturn, 4.44695E-4, 3.2494E-5, 1.396E-7
2048, Mankey, 4.44695E-4, 1.6939E-5, 1.7124000000000002E-7
2048, Dragonite, 4.44695E-4, 5.7706E-5, 2.1107999999999998E-7
2048, Spinarak, 4.44695E-4, 1.6926E-5, 1.7156E-7
2048, Metapod, 4.44695E-4, 1.8738E-5, 1.8695999999999997E-7
2048, Lanturn, 4.72077E-4, 2.2916E-5, 2.9288E-7
2048, Butterfree, 4.72077E-4, 1.3535E-5, 1.8596E-7
2048, Tentacool, 4.72077E-4, 1.4906E-5, 1.9400000000000002E-7
2048, Arcanine, 4.72077E-4, 1.6811E-5, 1.9258000000000002E-7
2048, Magikarp, 4.72077E-4, 1.6754E-5, 1.8983E-7
2048, Lanturn, 4.94932E-4, 1.8894E-5, 1.4134E-7
2048, Tentacool, 4.94932E-4, 1.5422E-5, 1.9369E-7
2048, Omanyte, 4.94932E-4, 1.8958E-5, 1.9321999999999998E-7
2048, Farfetch'd, 4.94932E-4, 1.3382E-5, 1.7176999999999998E-7
2048, MewtwoMega Mewtwo X, 4.94932E-4, 1.0871E-5, 1.9130000000000003E-7
2048, Chinchou, 4.33119E-4, 1.6463E-5, 1.7351E-7
2048, Kingler, 4.33119E-4, 1.973E-5, 1.7561999999999998E-7
2048, Pichu, 4.33119E-4, 1.2391E-5, 1.6709E-7
2048, Golduck, 4.33119E-4, 1.8912E-5, 1.7921E-7
2048, Horsea, 4.33119E-4, 1.6414E-5, 1.6849E-7
2048, Chinchou, 4.66279E-4, 1.6532E-5, 1.7226E-7
2048, Kabuto, 4.66279E-4, 1.701E-5, 1.7547999999999998E-7
2048, Gastly, 4.66279E-4, 1.6648E-5, 1.8944E-7
2048, Slowbro, 4.66279E-4, 1.8772E-5, 1.9494E-7
2048, Spearow, 4.66279E-4, 1.8988E-5, 1.7526000000000002E-7
2048, Chinchou, 4.31408E-4, 1.6614E-5, 1.7026E-7
2048, KangaskhanMega Kangaskhan, 4.31408E-4, 1.1069E-5, 1.856E-7
2048, Wigglytuff, 4.31408E-4, 1.3234E-5, 1.7598E-7
2048, Pidgey, 4.31408E-4, 1.6204E-5, 1.9321E-7
2048, Kabuto, 4.31408E-4, 1.6253E-5, 1.7234000000000002E-7
2048, Chinchou, 4.30885E-4, 1.6599E-5, 1.7017E-7
2048, Krabby, 4.30885E-4, 1.661E-5, 1.8626999999999999E-7
2048, Lickitung, 4.30885E-4, 1.469E-5, 1.8957000000000002E-7
2048, Nidoran♀, 4.30885E-4, 1.7562E-5, 1.8077E-7
2048, Sentret, 4.30885E-4, 1.9067E-5, 1.7546E-7
2048, Noctowl, 4.87661E-4, 1.8563E-5, 1.5393E-7
2048, Nidoking, 4.87661E-4, 2.0711E-5, 1.7181999999999999E-7
2048, Magneton, 4.87661E-4, 1.7092E-5, 1.9499999999999999E-7
2048, PidgeotMega Pidgeot, 4.87661E-4, 1.0813E-5, 1.6160000000000002E-7
2048, Krabby, 4.87661E-4, 1.649E-5, 1.8340000000000001E-7
2048, Hoothoot, 4.28859E-4, 1.6121E-5, 1.8643E-7
2048, Ponyta, 4.28859E-4, 1.6564E-5, 1.7753E-7
2048, Venusaur, 4.28859E-4, 1.6889E-5, 1.9130000000000003E-7
2048, Gloom, 4.28859E-4, 1.2269E-5, 3.578E-7
2048, CharizardMega Charizard X, 4.28859E-4, 3.1651E-5, 2.1899E-7
2048, Noctowl, 4.30873E-4, 1.8609E-5, 1.5566E-7
2048, Dugtrio, 4.30873E-4, 3.8904E-5, 4.0257E-7
2048, Magmar, 4.30873E-4, 2.5551E-5, 2.1946E-7
2048, Quilava, 4.30873E-4, 3.3883E-5, 1.8217E-7
2048, Scyther, 4.30873E-4, 4.0358E-5, 2.2342999999999998E-7
2048, Noctowl, 4.97335E-4, 1.9542E-5, 1.6231E-7
2048, Nidorino, 4.97335E-4, 1.8797E-5, 1.6065E-7
2048, Beedrill, 4.97335E-4, 1.7489E-5, 1.8394E-7
2048, Chinchou, 4.97335E-4, 1.6553E-5, 1.6908E-7
2048, Sandslash, 4.97335E-4, 1.4765E-5, 1.799E-7
2048, Hoothoot, 4.7797E-4, 1.6331E-5, 1.8668000000000003E-7
2048, Staryu, 4.7797E-4, 1.7186E-5, 1.8939E-7
2048, Dugtrio, 4.7797E-4, 1.893E-5, 2.1015E-7
2048, Hitmonlee, 4.7797E-4, 1.6227E-5, 1.5433E-7
2048, Weezing, 4.7797E-4, 1.8595E-5, 1.9466E-7
2048, Hoothoot, 4.30304E-4, 1.648E-5, 1.8456E-7
2048, Starmie, 4.30304E-4, 1.9239E-5, 1.5298E-7
2048, Goldeen, 4.30304E-4, 1.9018E-5, 1.9607E-7
2048, Ledian, 4.30304E-4, 1.6478E-5, 1.6455999999999999E-7
2048, Pidgey, 4.30304E-4, 1.6414E-5, 4.5708999999999997E-7
2048, Hoothoot, 4.28257E-4, 1.6419E-5, 1.8498E-7
2048, Rapidash, 4.28257E-4, 1.7581E-5, 1.7907E-7
2048, Gengar, 4.28257E-4, 1.6211E-5, 1.7417E-7
2048, Hitmonlee, 4.28257E-4, 1.4664E-5, 1.8261E-7
2048, Eevee, 4.28257E-4, 1.1574E-5, 1.7390000000000002E-7
2048, Hoothoot, 4.3143E-4, 1.6619E-5, 1.8525999999999998E-7
2048, Rapidash, 4.3143E-4, 1.7052E-5, 1.7939E-7
2048, Totodile, 4.3143E-4, 1.671E-5, 1.6469E-7
2048, Gyarados, 4.3143E-4, 2.0025E-5, 1.9629000000000002E-7
2048, Meganium, 4.3143E-4, 1.6567E-5, 1.9417999999999998E-7
2048, Furret, 4.3635E-4, 1.6025E-5, 1.9198E-7
2048, Articuno, 4.3635E-4, 1.7116E-5, 1.7377E-7
2048, Spinarak, 4.3635E-4, 1.6739E-5, 1.7185E-7
2048, Exeggcute, 4.3635E-4, 1.6083E-5, 1.9389E-7
2048, Mr. Mime, 4.3635E-4, 2.0017E-5, 1.8409E-7
2048, Furret, 4.27945E-4, 1.5657E-5, 1.8964999999999998E-7
2048, Zapdos, 4.27945E-4, 1.6562E-5, 1.7646E-7
2048, Poliwag, 4.27945E-4, 1.8969E-5, 1.6737E-7
2048, Pinsir, 4.27945E-4, 1.6087E-5, 1.9680000000000002E-7
2048, Sandshrew, 4.27945E-4, 1.4926E-5, 1.9613E-7
2048, Furret, 4.29118E-4, 1.5799E-5, 1.9031000000000001E-7
2048, Exeggutor, 4.29118E-4, 1.4945E-5, 1.8434999999999998E-7
2048, Nidoking, 4.29118E-4, 1.7324E-5, 2.0752E-7
2048, BeedrillMega Beedrill, 4.29118E-4, 3.2997E-5, 1.6436E-7
2048, Zapdos, 4.29118E-4, 1.6346E-5, 1.765E-7
2048, Furret, 4.33056E-4, 1.6061E-5, 1.9186E-7
2048, Cubone, 4.33056E-4, 1.6596E-5, 1.9077E-7
2048, Exeggcute, 4.33056E-4, 1.4893E-5, 1.9361E-7
2048, Wigglytuff, 4.33056E-4, 1.2879E-5, 1.7699E-7
2048, Spinarak, 4.33056E-4, 1.6573E-5, 1.7218999999999998E-7
2048, Sentret, 4.57723E-4, 1.9249E-5, 1.8328E-7
2048, Weedle, 4.57723E-4, 1.7271E-5, 1.7286999999999999E-7
2048, Porygon, 4.57723E-4, 1.9692E-5, 1.8742000000000002E-7
2048, Butterfree, 4.57723E-4, 1.3702E-5, 2.1595E-7
2048, Ditto, 4.57723E-4, 1.2293E-5, 1.6555999999999998E-7
2048, Sentret, 4.48845E-4, 1.9683E-5, 1.8268E-7
2048, Lanturn, 4.48845E-4, 1.9765E-5, 1.4106E-7
2048, Raichu, 4.48845E-4, 1.6986E-5, 1.9337000000000002E-7
2048, Clefable, 4.48845E-4, 1.7733E-5, 1.8943000000000002E-7
2048, Bayleef, 4.48845E-4, 1.9546E-5, 1.8961000000000002E-7
2048, Furret, 4.45827E-4, 1.6523E-5, 1.9593E-7
2048, Moltres, 4.45827E-4, 1.9815E-5, 1.8227E-7
2048, Charizard, 4.45827E-4, 1.5393E-5, 2.0287000000000002E-7
2048, Omanyte, 4.45827E-4, 1.9572E-5, 2.0085000000000003E-7
2048, Hypno, 4.45827E-4, 1.2611E-5, 1.9186E-7
2048, Sentret, 4.43299E-4, 1.9423E-5, 1.8425E-7
2048, Butterfree, 4.43299E-4, 1.353E-5, 1.917E-7
2048, Victreebel, 4.43299E-4, 1.3636E-5, 1.8845E-7
2048, Furret, 4.43299E-4, 1.6574E-5, 1.9504E-7
2048, Charizard, 4.43299E-4, 1.4965E-5, 2.0175E-7
2048, Ledian, 4.45834E-4, 1.6341E-5, 1.7028000000000001E-7
2048, Nidoran♀, 4.45834E-4, 1.8132E-5, 1.8621999999999998E-7
2048, Tangela, 4.45834E-4, 1.9399E-5, 1.9022E-7
2048, SlowbroMega Slowbro, 4.45834E-4, 1.0845E-5, 1.7355E-7
2048, Tangela, 4.45834E-4, 1.8982E-5, 1.8626E-7
2048, Ledian, 4.43441E-4, 1.659E-5, 1.7139999999999999E-7
2048, Butterfree, 4.43441E-4, 1.3615E-5, 1.9119E-7
2048, Charmeleon, 4.43441E-4, 1.3434E-5, 1.5964000000000002E-7
2048, Kabutops, 4.43441E-4, 1.7371E-5, 1.9956E-7
2048, PidgeotMega Pidgeot, 4.43441E-4, 1.127E-5, 1.6524999999999997E-7
2048, Spinarak, 4.49215E-4, 1.6807E-5, 1.7946E-7
2048, Zapdos, 4.49215E-4, 1.6968E-5, 1.8135E-7
2048, Tauros, 4.49215E-4, 1.6737E-5, 1.7666E-7
2048, Oddish, 4.49215E-4, 1.649E-5, 1.7405E-7
2048, Porygon, 4.49215E-4, 1.9579E-5, 1.8955999999999998E-7
2048, Spinarak, 4.44449E-4, 1.6999E-5, 1.7722E-7
2048, Sandslash, 4.44449E-4, 1.5474E-5, 1.8829E-7
2048, Paras, 4.44449E-4, 1.2434E-5, 2.0051000000000001E-7
2048, Marowak, 4.44449E-4, 1.9749E-5, 1.9122000000000001E-7
2048, Charizard, 4.44449E-4, 1.5239E-5, 2.0309000000000003E-7
2048, Ledian, 4.45148E-4, 1.6472E-5, 1.7135E-7
2048, Mankey, 4.45148E-4, 1.7044E-5, 1.7655E-7
2048, Magnemite, 4.45148E-4, 1.5107E-5, 1.862E-7
2048, Jigglypuff, 4.45148E-4, 1.3306E-5, 2.0539000000000001E-7
2048, Electabuzz, 4.45148E-4, 1.3395E-5, 1.8816E-7
2048, Ledian, 4.44186E-4, 1.6575E-5, 1.7066E-7
2048, Krabby, 4.44186E-4, 1.6883E-5, 1.8635E-7
2048, Dratini, 4.44186E-4, 1.9533E-5, 1.7113999999999998E-7
2048, Meowth, 4.44186E-4, 1.6755E-5, 1.8403E-7
2048, Nidorina, 4.44186E-4, 1.7944E-5, 2.0162999999999999E-7
2048, Ledian, 4.83202E-4, 1.6383E-5, 1.7212E-7
2048, Tentacruel, 4.83202E-4, 1.3604E-5, 1.8978999999999998E-7
2048, Drowzee, 4.83202E-4, 1.9676E-5, 2.0034E-7
2048, Noctowl, 4.83202E-4, 1.9368E-5, 1.5625E-7
2048, Muk, 4.83202E-4, 1.1148E-5, 1.9848000000000001E-7
2048, Ledian, 4.45305E-4, 1.6555E-5, 1.7019000000000002E-7
2048, Mankey, 4.45305E-4, 1.7893E-5, 1.7568E-7
2048, Sentret, 4.45305E-4, 1.9825E-5, 1.8162E-7
2048, Beedrill, 4.45305E-4, 1.713E-5, 1.8726E-7
2048, Chinchou, 4.45305E-4, 1.695E-5, 1.7442E-7
2048, Ledyba, 4.43745E-4, 1.6653E-5, 1.5486E-7
2048, Kabutops, 4.43745E-4, 1.7305E-5, 1.9802000000000002E-7
2048, Spearow, 4.43745E-4, 1.9213E-5, 1.8070000000000002E-7
2048, Feraligatr, 4.43745E-4, 1.3485E-5, 1.9024E-7
2048, Jolteon, 4.43745E-4, 1.9033E-5, 1.9088E-7
2048, Ledyba, 4.46567E-4, 1.6392E-5, 1.539E-7
2048, Kabutops, 4.46567E-4, 1.7234E-5, 1.9794E-7
2048, Shellder, 4.46567E-4, 1.7158E-5, 1.9979E-7
2048, Metapod, 4.46567E-4, 1.9245E-5, 1.903E-7
2048, Quilava, 4.46567E-4, 1.9147E-5, 1.7901E-7
2048, Ledyba, 4.48184E-4, 1.6575E-5, 1.5434000000000002E-7
2048, Krabby, 4.48184E-4, 1.7008E-5, 1.8756000000000002E-7
2048, Ninetales, 4.48184E-4, 1.535E-5, 1.9318000000000001E-7
2048, Ponyta, 4.48184E-4, 1.6624E-5, 1.8683E-7
2048, Voltorb, 4.48184E-4, 1.925E-5, 1.7848E-7
2048, Ledyba, 4.4426E-4, 1.6422E-5, 1.516E-7
2048, Kingler, 4.4426E-4, 1.9628E-5, 1.8167E-7
2048, Hitmonlee, 4.4426E-4, 1.5333E-5, 1.5957E-7
2048, Porygon, 4.4426E-4, 1.9407E-5, 1.8936999999999998E-7
2048, Squirtle, 4.4426E-4, 1.711E-5, 1.927E-7
2048, Noctowl, 4.44036E-4, 1.9039E-5, 1.5826000000000002E-7
2048, Blastoise, 4.44036E-4, 1.5432E-5, 1.9064E-7
2048, Kabuto, 4.44036E-4, 1.6852E-5, 1.7838E-7
2048, Tentacruel, 4.44036E-4, 1.3512E-5, 1.8849E-7
2048, Dewgong, 4.44036E-4, 1.9176E-5, 1.8411E-7
2048, Noctowl, 4.40019E-4, 1.921E-5, 1.5967000000000003E-7
2048, Ledian, 4.40019E-4, 1.7194E-5, 1.6940999999999998E-7
2048, Arcanine, 4.40019E-4, 1.7287E-5, 2.008E-7
2048, Eevee, 4.40019E-4, 1.2375E-5, 1.7661E-7
2048, Ariados, 4.40019E-4, 1.9482E-5, 1.5815999999999998E-7
2048, Ledyba, 4.42447E-4, 1.627E-5, 1.5403E-7
2048, Electabuzz, 4.42447E-4, 1.3708E-5, 1.88E-7
2048, Squirtle, 4.42447E-4, 1.7389E-5, 1.954E-7
2048, Fearow, 4.42447E-4, 1.6585E-5, 1.9721E-7
2048, Rhydon, 4.42447E-4, 1.6464E-5, 1.7108999999999998E-7
2048, Noctowl, 4.44362E-4, 1.9218E-5, 1.5889999999999997E-7
2048, Blastoise, 4.44362E-4, 1.5368E-5, 1.9268E-7
2048, Charmander, 4.44362E-4, 1.3891E-5, 2.0371E-7
2048, Venonat, 4.44362E-4, 1.952E-5, 1.8725E-7
2048, Pidgeotto, 4.44362E-4, 1.51E-5, 2.0202E-7
2048, Totodile, 4.57264E-4, 1.6563E-5, 1.7107E-7
2048, Exeggutor, 4.57264E-4, 1.5495E-5, 1.8857E-7
2048, Venomoth, 4.57264E-4, 1.7239E-5, 1.8158000000000002E-7
2048, Vulpix, 4.57264E-4, 1.6861E-5, 1.8431000000000001E-7
2048, Magikarp, 4.57264E-4, 1.7281E-5, 1.9478E-7
2048, Typhlosion, 4.45367E-4, 1.2939E-5, 1.8537E-7
2048, Cubone, 4.45367E-4, 1.7026E-5, 1.9913E-7
2048, AerodactylMega Aerodactyl, 4.45367E-4, 1.1243E-5, 1.7360999999999998E-7
2048, Kingler, 4.45367E-4, 1.9478E-5, 1.7915E-7
2048, Clefairy, 4.45367E-4, 1.7597E-5, 1.9455E-7
2048, Totodile, 4.42599E-4, 1.6902E-5, 1.7271000000000002E-7
2048, Poliwhirl, 4.42599E-4, 1.5553E-5, 1.9440999999999998E-7
2048, Gastly, 4.42599E-4, 1.6933E-5, 1.9465E-7
2048, Hoothoot, 4.42599E-4, 1.7159E-5, 1.8826E-7
2048, Gengar, 4.42599E-4, 1.6766E-5, 1.7825E-7
2048, Totodile, 4.46516E-4, 1.7026E-5, 1.7424E-7
2048, Poliwrath, 4.46516E-4, 1.5302E-5, 2.0523999999999998E-7
2048, Quilava, 4.46516E-4, 1.9632E-5, 1.8096999999999999E-7
2048, Weedle, 4.46516E-4, 1.6682E-5, 1.7104E-7
2048, Venusaur, 4.46516E-4, 1.732E-5, 2.0009000000000001E-7
4096, Persian, 9.9377E-4, 3.9271E-5, 1.9937E-7
4096, Blissey, 9.9377E-4, 3.9908E-5, 2.0475E-7
4096, Magmar, 9.9377E-4, 3.4289E-5, 2.1294E-7
4096, Minun, 9.9377E-4, 2.5071E-5, 1.999E-7
4096, Cleffa, 9.9377E-4, 3.3225E-5, 3.3695E-7
4096, Persian, 0.001041933, 3.9743E-5, 2.0006E-7
4096, Vigoroth, 0.001041933, 3.6154E-5, 1.9679E-7
4096, Flaaffy, 0.001041933, 3.9918E-5, 2.0625E-7
4096, SceptileMega Sceptile, 0.001041933, 2.3036E-5, 2.0615000000000003E-7
4096, Umbreon, 0.001041933, 6.0368E-5, 2.2384000000000002E-7
4096, Psyduck, 0.001088782, 3.9913E-5, 2.0206E-7
4096, Unown, 0.001088782, 2.5003E-5, 1.8417E-7
4096, Ninjask, 0.001088782, 3.9676E-5, 2.0836E-7
4096, Primeape, 0.001088782, 3.6202E-5, 1.9536999999999998E-7
4096, Tauros, 0.001088782, 3.3694E-5, 1.9046999999999998E-7
4096, Psyduck, 0.001057292, 3.9466E-5, 2.0145000000000002E-7
4096, Piloswine, 0.001057292, 3.1574E-5, 1.9232000000000002E-7
4096, Ekans, 0.001057292, 2.5291E-5, 2.0906E-7
4096, Poliwag, 0.001057292, 3.9529E-5, 2.04E-7
4096, Mewtwo, 0.001057292, 3.3554E-5, 2.1639E-7
4096, Meowth, 0.001107687, 3.3787E-5, 2.1162E-7
4096, Koffing, 0.001107687, 4.0344E-5, 2.1338000000000002E-7
4096, Machoke, 0.001107687, 4.031E-5, 2.2011E-7
4096, Ursaring, 0.001107687, 3.6059E-5, 1.9978E-7
4096, Sunflora, 0.001107687, 3.5716E-5, 2.0925E-7
4096, Meowth, 0.001036417, 3.4575E-5, 2.1195E-7
4096, Gyarados, 0.001036417, 3.636E-5, 2.1713E-7
4096, Ledian, 0.001036417, 3.3789E-5, 1.9954E-7
4096, Cyndaquil, 0.001036417, 3.0874E-5, 1.9723999999999998E-7
4096, HeracrossMega Heracross, 0.001036417, 2.1383E-5, 2.0696E-7
4096, Persian, 0.001001033, 3.986E-5, 1.987E-7
4096, Medicham, 0.001001033, 3.6938E-5, 2.1162E-7
4096, Kingdra, 0.001001033, 3.9971E-5, 2.1172E-7
4096, Raticate, 0.001001033, 3.6198E-5, 2.1639E-7
4096, Slugma, 0.001001033, 3.4254E-5, 2.0932E-7
4096, Meowth, 9.97203E-4, 3.3714E-5, 2.1058E-7
4096, Dewgong, 9.97203E-4, 3.9611E-5, 2.0852E-7
4096, Metapod, 9.97203E-4, 3.9691E-5, 1.8383999999999998E-7
4096, Wingull, 9.97203E-4, 3.9356E-5, 1.9211E-7
4096, Crobat, 9.97203E-4, 3.3268E-5, 2.1094E-7
4096, Dugtrio, 9.90704E-4, 3.9249E-5, 2.1245E-7
4096, Slugma, 9.90704E-4, 3.4065E-5, 2.0661000000000002E-7
4096, Psyduck, 9.90704E-4, 3.9446E-5, 2.0194999999999998E-7
4096, Nidoking, 9.90704E-4, 3.6485E-5, 2.0086E-7
4096, Whismur, 9.90704E-4, 3.9357E-5, 1.7674E-7
4096, Diglett, 0.001128457, 3.9713E-5, 1.9602E-7
4096, Magby, 0.001128457, 2.5748E-5, 2.0727E-7
4096, Hitmonlee, 0.001128457, 3.1041E-5, 2.1015E-7
4096, Ninjask, 0.001128457, 3.9833E-5, 2.1038E-7
4096, Minun, 0.001128457, 2.557E-5, 1.9988E-7
4096, Dugtrio, 0.001041679, 3.9606E-5, 2.1157E-7
4096, MewtwoMega Mewtwo X, 0.001041679, 2.2594E-5, 2.0699E-7
4096, Ursaring, 0.001041679, 3.6108E-5, 1.9672E-7
4096, Totodile, 0.001041679, 3.5821E-5, 2.0551E-7
4096, Smoochum, 0.001041679, 3.5926E-5, 2.1308E-7
4096, Dugtrio, 0.001092144, 4.4007E-5, 2.3437E-7
4096, Murkrow, 0.001092144, 4.4098E-5, 2.1424E-7
4096, Lombre, 0.001092144, 3.736E-5, 2.6627E-7
4096, Krabby, 0.001092144, 3.7318E-5, 2.1446E-7
4096, Marshtomp, 0.001092144, 3.4301E-5, 2.3775E-7
4096, Venomoth, 0.001085985, 3.9448E-5, 2.3892E-7
4096, Arcanine, 0.001085985, 3.994E-5, 2.2016E-7
4096, Medicham, 0.001085985, 4.0063E-5, 2.3209E-7
4096, Venusaur, 0.001085985, 3.9367E-5, 1.867E-7
4096, Machoke, 0.001085985, 4.421E-5, 2.41E-7
4096, Venomoth, 0.001084737, 3.9876E-5, 2.3828E-7
4096, Hitmonchan, 0.001084737, 2.7415E-5, 2.1624E-7
4096, Parasect, 0.001084737, 3.9614E-5, 2.224E-7
4096, Blaziken, 0.001084737, 3.9198E-5, 2.2697999999999999E-7
4096, Electrode, 0.001084737, 3.4151E-5, 2.3916E-7
4096, Diglett, 0.001085486, 4.3615E-5, 2.1319E-7
4096, Swampert, 0.001085486, 4.0058E-5, 2.3161E-7
4096, Croconaw, 0.001085486, 3.9889E-5, 2.1874E-7
4096, Kingdra, 0.001085486, 4.422E-5, 2.3233E-7
4096, Rattata, 0.001085486, 4.3452E-5, 2.1359E-7
4096, Venomoth, 0.001090163, 3.9618E-5, 2.3859E-7
4096, Clefable, 0.001090163, 4.0162E-5, 1.8264E-7
4096, Mudkip, 0.001090163, 3.6864E-5, 2.0672000000000001E-7
4096, Minun, 0.001090163, 2.772E-5, 2.175E-7
4096, Gloom, 0.001090163, 2.7229E-5, 2.1313E-7
4096, Arcanine, 0.0010933, 3.9586E-5, 2.2283E-7
4096, Spearow, 0.0010933, 4.3495E-5, 2.3411999999999998E-7
4096, Beautifly, 0.0010933, 3.402E-5, 2.0792999999999998E-7
4096, Natu, 0.0010933, 2.6088E-5, 2.2423E-7
4096, GengarMega Gengar, 0.0010933, 2.3508E-5, 2.2977E-7
4096, Arcanine, 0.001087234, 3.9181E-5, 2.4958E-7
4096, Gloom, 0.001087234, 2.778E-5, 2.1497E-7
4096, VenusaurMega Venusaur, 0.001087234, 2.5369E-5, 2.2198E-7
4096, SwampertMega Swampert, 0.001087234, 2.4846E-5, 2.1786000000000002E-7
4096, Goldeen, 0.001087234, 4.8697E-5, 3.5237E-7
4096, Poliwag, 0.001093373, 4.3378E-5, 2.2667E-7
4096, Azurill, 0.001093373, 4.358E-5, 2.3054E-7
4096, KangaskhanMega Kangaskhan, 0.001093373, 2.3719E-5, 2.3516E-7
4096, Nosepass, 0.001093373, 3.9678E-5, 2.2276000000000002E-7
4096, Vulpix, 0.001093373, 3.6973E-5, 2.2526000000000002E-7
4096, Poliwag, 0.001090574, 4.381E-5, 2.2401E-7
4096, VenusaurMega Venusaur, 0.001090574, 2.5334E-5, 2.6005E-7
4096, Crobat, 0.001090574, 3.7513E-5, 2.3254000000000002E-7
4096, Smoochum, 0.001090574, 3.9852E-5, 2.3853999999999996E-7
4096, Tentacool, 0.001090574, 3.4178E-5, 2.2858E-7
4096, Growlithe, 0.00108628, 3.4236E-5, 2.6208000000000003E-7
4096, Steelix, 0.00108628, 4.4337E-5, 2.0078E-7
4096, Scizor, 0.00108628, 3.7127E-5, 2.0764999999999998E-7
4096, AerodactylMega Aerodactyl, 0.00108628, 2.3507E-5, 2.0965E-7
4096, Umbreon, 0.00108628, 4.3137E-5, 2.2199E-7
4096, Growlithe, 0.001091361, 3.4025E-5, 2.2836E-7
4096, Houndour, 0.001091361, 4.0148E-5, 2.1902E-7
4096, SwampertMega Swampert, 0.001091361, 2.5342E-5, 2.1317E-7
4096, Magnemite, 0.001091361, 3.4141E-5, 2.2177E-7
4096, Slugma, 0.001091361, 3.6702E-5, 2.2181E-7
4096, Arcanine, 0.001109133, 4.0006E-5, 2.22E-7
4096, AlakazamMega Alakazam, 0.001109133, 2.5285E-5, 2.0420000000000002E-7
4096, Primeape, 0.001109133, 3.9642E-5, 2.1806E-7
4096, Wobbuffet, 0.001109133, 3.4245E-5, 2.2918E-7
4096, Kabuto, 0.001109133, 3.729E-5, 2.133E-7
4096, Growlithe, 9.99461E-4, 3.008E-5, 2.3096E-7
4096, Sudowoodo, 9.99461E-4, 3.6151E-5, 3.4976E-7
4096, Cyndaquil, 9.99461E-4, 3.0375E-5, 1.9202999999999998E-7
4096, Forretress, 9.99461E-4, 2.4146E-5, 2.0307E-7
4096, Furret, 9.99461E-4, 3.2677E-5, 1.9082E-7
4096, Mankey, 0.001145098, 3.331E-5, 1.9656E-7
4096, Ninjask, 0.001145098, 6.8225E-5, 2.4483E-7
4096, MewtwoMega Mewtwo X, 0.001145098, 3.7052E-5, 2.0161E-7
4096, HeracrossMega Heracross, 0.001145098, 2.1171E-5, 2.0299E-7
4096, Breloom, 0.001145098, 3.8495E-5, 2.0342E-7
4096, Mankey, 0.001006566, 3.2927E-5, 1.9038E-7
4096, Electrike, 0.001006566, 3.0858E-5, 1.9796E-7
4096, Ho-oh, 0.001006566, 2.4448E-5, 1.842E-7
4096, Paras, 0.001006566, 2.4068E-5, 1.8395E-7
4096, Charmander, 0.001006566, 2.4185E-5, 4.768E-7
4096, Primeape, 9.6208E-4, 3.4346E-5, 1.9466999999999998E-7
4096, Lugia, 9.6208E-4, 2.4534E-5, 1.6554E-7
4096, Oddish, 9.6208E-4, 3.2343E-5, 1.9206E-7
4096, Pidgeot, 9.6208E-4, 3.8143E-5, 2.0796E-7
4096, Blissey, 9.6208E-4, 3.7918E-5, 1.941E-7
4096, Primeape, 9.59358E-4, 3.5281E-5, 1.9604999999999999E-7
4096, Dustox, 9.59358E-4, 3.3079E-5, 1.8317000000000002E-7
4096, Voltorb, 9.59358E-4, 3.8498E-5, 1.7485E-7
4096, Shiftry, 9.59358E-4, 3.8491E-5, 2.0207E-7
4096, Mightyena, 9.59358E-4, 3.0161E-5, 1.725E-7
4096, Golduck, 9.72508E-4, 3.8596E-5, 1.8207000000000002E-7
4096, Quilava, 9.72508E-4, 3.8629E-5, 1.9626E-7
4096, Omanyte, 9.72508E-4, 3.9254E-5, 1.8734E-7
4096, Flaaffy, 9.72508E-4, 3.8779E-5, 1.9874E-7
4096, Tentacool, 9.72508E-4, 3.0175E-5, 2.027E-7
4096, Golduck, 0.001110819, 3.8523E-5, 4.3641E-7
4096, Mareep, 0.001110819, 3.3669E-5, 2.0951E-7
4096, Hitmontop, 0.001110819, 2.9999E-5, 2.1468E-7
4096, Seaking, 0.001110819, 4.1484E-5, 1.9531999999999998E-7
4096, GengarMega Gengar, 0.001110819, 2.073E-5, 2.0197E-7
4096, Mankey, 9.67263E-4, 3.3437E-5, 2.1445E-7
4096, Zubat, 9.67263E-4, 2.449E-5, 2.0095E-7
4096, MawileMega Mawile, 9.67263E-4, 2.0824E-5, 1.45E-7
4096, SableyeMega Sableye, 9.67263E-4, 2.0961E-5, 1.8754999999999998E-7
4096, Ekans, 9.67263E-4, 2.7805E-5, 5.0872E-7
4096, Golduck, 0.001126441, 1.00517E-4, 2.3425999999999998E-7
4096, Flareon, 0.001126441, 3.8997E-5, 1.8899999999999999E-7
4096, Farfetch'd, 0.001126441, 2.4221E-5, 1.8916E-7
4096, Miltank, 0.001126441, 3.7984E-5, 2.742E-7
4096, Venonat, 0.001126441, 3.8783E-5, 1.9891E-7
4096, Golbat, 0.00100152, 3.281E-5, 2.0132E-7
4096, Victreebel, 0.00100152, 2.5082E-5, 2.0944E-7
4096, Quilava, 0.00100152, 3.8619E-5, 1.9312E-7
4096, Shuckle, 0.00100152, 3.8648E-5, 1.9883E-7
4096, Blaziken, 0.00100152, 3.5109E-5, 2.0098999999999998E-7
4096, Zubat, 9.63908E-4, 2.4414E-5, 2.0523E-7
4096, Haunter, 9.63908E-4, 3.8605E-5, 1.9821E-7
4096, Snubbull, 9.63908E-4, 3.5135E-5, 2.0246E-7
4096, MewtwoMega Mewtwo Y, 9.63908E-4, 2.1435E-5, 2.1371E-7
4096, Ralts, 9.63908E-4, 2.4395E-5, 1.7825E-7
4096, Golbat, 9.65616E-4, 3.243E-5, 2.0224000000000002E-7
4096, Raichu, 9.65616E-4, 3.3155E-5, 2.0752E-7
4096, Charmander, 9.65616E-4, 2.4533E-5, 2.0287000000000002E-7
4096, Lotad, 9.65616E-4, 2.41E-5, 1.8962E-7
4096, Girafarig, 9.65616E-4, 3.004E-5, 2.0549E-7
4096, Golbat, 9.78443E-4, 3.2696E-5, 2.0087E-7
4096, Venomoth, 9.78443E-4, 3.5327E-5, 2.1179E-7
4096, Growlithe, 9.78443E-4, 3.5118E-5, 2.0033E-7
4096, Seedot, 9.78443E-4, 3.269E-5, 2.1544E-7
4096, Delibird, 9.78443E-4, 3.485E-5, 1.789E-7
4096, Wigglytuff, 0.001008614, 2.3863E-5, 1.9814E-7
4096, Sceptile, 0.001008614, 3.5132E-5, 1.7771999999999998E-7
4096, Drowzee, 0.001008614, 3.8926E-5, 1.6427E-7
4096, Kangaskhan, 0.001008614, 2.4119E-5, 1.882E-7
4096, Nidorina, 0.001008614, 8.832E-5, 4.1968E-7
4096, Wigglytuff, 9.68988E-4, 2.3966E-5, 2.0024999999999998E-7
4096, Nuzleaf, 9.68988E-4, 3.9065E-5, 2.0581000000000001E-7
4096, MewtwoMega Mewtwo X, 9.68988E-4, 2.1626E-5, 1.9909E-7
4096, Seadra, 9.68988E-4, 3.2875E-5, 1.5189E-7
4096, Skitty, 9.68988E-4, 3.2483E-5, 1.8933999999999997E-7
4096, Zubat, 9.7155E-4, 2.4204E-5, 2.0299E-7
4096, Kangaskhan, 9.7155E-4, 2.4334E-5, 1.8770000000000002E-7
4096, Poochyena, 9.7155E-4, 3.0404E-5, 1.7762999999999998E-7
4096, Cloyster, 9.7155E-4, 3.5086E-5, 1.874E-7
4096, Mawile, 9.7155E-4, 3.2886E-5, 2.0208999999999998E-7
4096, Zubat, 0.001013168, 2.3935E-5, 2.0136000000000002E-7
4096, Vaporeon, 0.001013168, 3.5204E-5, 1.8374E-7
4096, Gloom, 0.001013168, 2.461E-5, 1.8939E-7
4096, Raichu, 0.001013168, 3.2716E-5, 2.0558E-7
4096, Wartortle, 0.001013168, 3.0049E-5, 1.9400000000000002E-7
4096, Jigglypuff, 0.001128007, 2.3608E-5, 1.776E-7
4096, Rattata, 0.001128007, 3.8948E-5, 1.9072E-7
4096, Vulpix, 0.001128007, 3.2944E-5, 2.0063000000000002E-7
4096, Ho-oh, 0.001128007, 2.4537E-5, 1.8474E-7
4096, Eevee, 0.001128007, 2.4195E-5, 1.9258000000000002E-7
4096, Ninetales, 9.66498E-4, 2.9677E-5, 2.1184E-7
4096, Golbat, 9.66498E-4, 3.308E-5, 1.991E-7
4096, Omanyte, 9.66498E-4, 3.8707E-5, 1.8578E-7
4096, Jumpluff, 9.66498E-4, 3.8405E-5, 1.9701E-7
4096, Cyndaquil, 9.66498E-4, 3.0336E-5, 1.9142E-7
4096, Wigglytuff, 9.63533E-4, 2.3951E-5, 2.0000000000000002E-7
4096, Makuhita, 9.63533E-4, 3.5457E-5, 2.0852999999999998E-7
4096, Ho-oh, 9.63533E-4, 2.4522E-5, 1.8362000000000003E-7
4096, Golduck, 9.63533E-4, 3.8304E-5, 1.7734999999999998E-7
4096, Grimer, 9.63533E-4, 3.22E-5, 1.9992E-7
4096, Jigglypuff, 9.62145E-4, 2.3827E-5, 1.7932E-7
4096, Ivysaur, 9.62145E-4, 3.8428E-5, 1.9231E-7
4096, Delcatty, 9.62145E-4, 3.528E-5, 2.0215E-7
4096, MedichamMega Medicham, 9.62145E-4, 2.2216E-5, 1.9445E-7
4096, Rhydon, 9.62145E-4, 3.2297E-5, 1.6691E-7
4096, Vulpix, 9.66985E-4, 3.2487E-5, 2.0372999999999999E-7
4096, Dunsparce, 9.66985E-4, 3.0407E-5, 1.9373E-7
4096, Caterpie, 9.66985E-4, 3.5005E-5, 2.0746E-7
4096, Bellsprout, 9.66985E-4, 2.3991E-5, 1.9324999999999999E-7
4096, Mew, 9.66985E-4, 2.0493E-5, 1.9703E-7
4096, Vulpix, 0.001004259, 3.2251E-5, 2.0222E-7
4096, Mantine, 0.001004259, 3.9177E-5, 2.1483E-7
4096, SlowbroMega Slowbro, 0.001004259, 2.1058E-5, 2.0407E-7
4096, Bayleef, 0.001004259, 3.8636E-5, 1.9821E-7
4096, Togepi, 0.001004259, 3.2449E-5, 1.9238E-7
4096, Ninetales, 9.71699E-4, 3.0189E-5, 2.1835E-7
4096, Kadabra, 9.71699E-4, 3.9192E-5, 1.6042E-7
4096, Yanma, 9.71699E-4, 2.463E-5, 1.9508E-7
4096, Tauros, 9.71699E-4, 3.2851E-5, 1.8499E-7
4096, Lickitung, 9.71699E-4, 3.3981E-5, 2.054E-7
4096, Ninetales, 9.58879E-4, 3.039E-5, 2.088E-7
4096, Rhydon, 9.58879E-4, 3.2996E-5, 1.6569999999999998E-7
4096, Entei, 9.58879E-4, 2.4584E-5, 1.9515E-7
4096, Machop, 9.58879E-4, 3.2656E-5, 1.9559999999999998E-7
4096, Gyarados, 9.58879E-4, 3.4598E-5, 2.105E-7
4096, Venonat, 9.69708E-4, 3.8954E-5, 1.9955E-7
4096, Crobat, 9.69708E-4, 3.2914E-5, 2.0648E-7
4096, Grovyle, 9.69708E-4, 3.8766E-5, 1.8046999999999997E-7
4096, Geodude, 9.69708E-4, 3.8621E-5, 1.7686E-7
4096, Crobat, 9.69708E-4, 3.2408E-5, 2.0134999999999999E-7
4096, Parasect, 0.001015132, 8.3917E-5, 2.6188999999999997E-7
4096, Sunkern, 0.001015132, 4.0927E-5, 1.842E-7
4096, Nidorino, 0.001015132, 3.5971E-5, 2.4455E-7
4096, Metapod, 0.001015132, 3.9108E-5, 1.8096E-7
4096, Sunflora, 0.001015132, 3.5078E-5, 2.0082E-7
4096, Venonat, 9.61039E-4, 3.8608E-5, 2.0137E-7
4096, PinsirMega Pinsir, 9.61039E-4, 2.1113E-5, 2.1046000000000002E-7
4096, Dratini, 9.61039E-4, 3.9128E-5, 2.0477E-7
4096, Umbreon, 9.61039E-4, 3.8584E-5, 1.9847E-7
4096, Jynx, 9.61039E-4, 2.1168E-5, 1.8308000000000002E-7
4096, Venonat, 0.001021543, 3.9099E-5, 1.9763E-7
4096, Dragonair, 0.001021543, 3.0612E-5, 2.1508000000000002E-7
4096, Girafarig, 0.001021543, 3.0143E-5, 2.0691E-7
4096, Jolteon, 0.001021543, 3.8204E-5, 1.9926E-7
4096, Fearow, 0.001021543, 3.6002E-5, 5.6202E-7
4096, Paras, 9.75575E-4, 2.4747E-5, 1.829E-7
4096, Nidoking, 9.75575E-4, 3.5851E-5, 1.9572E-7
4096, Magby, 9.75575E-4, 2.4711E-5, 2.0176E-7
4096, Ninetales, 9.75575E-4, 3.0292E-5, 2.0749000000000001E-7
4096, Dustox, 9.75575E-4, 3.277E-5, 1.8462E-7
4096, Paras, 9.61072E-4, 2.4419E-5, 1.8427000000000002E-7
4096, Mankey, 9.61072E-4, 3.3851E-5, 1.9317000000000003E-7
4096, Loudred, 9.61072E-4, 3.867E-5, 2.0704E-7
4096, Loudred, 9.61072E-4, 3.8195E-5, 2.0168000000000002E-7
4096, VenusaurMega Venusaur, 9.61072E-4, 2.1599E-5, 1.9613999999999998E-7
4096, Parasect, 9.66372E-4, 3.4908E-5, 2.0330999999999999E-7
4096, ScizorMega Scizor, 9.66372E-4, 2.148E-5, 2.0819E-7
4096, Shellder, 9.66372E-4, 3.5197E-5, 2.155E-7
4096, Beautifly, 9.66372E-4, 3.0205E-5, 1.8525999999999998E-7
4096, Delibird, 9.66372E-4, 3.4598E-5, 1.7677000000000001E-7
4096, Paras, 0.001002162, 2.4511E-5, 1.8261999999999998E-7
4096, Porygon2, 0.001002162, 3.6278E-5, 2.0448000000000002E-7
4096, Kabutops, 0.001002162, 3.821E-5, 2.0365E-7
4096, Electrode, 0.001002162, 3.0348E-5, 2.1259E-7
4096, TyranitarMega Tyranitar, 0.001002162, 2.118E-5, 1.8849E-7
4096, Vileplume, 9.60711E-4, 3.0114E-5, 2.018E-7
4096, Starmie, 9.60711E-4, 3.8618E-5, 2.1377E-7
4096, Skarmory, 9.60711E-4, 3.5154E-5, 1.7986999999999998E-7
4096, Rhydon, 9.60711E-4, 3.2428E-5, 1.6977E-7
4096, Golduck, 9.60711E-4, 3.8414E-5, 1.8151E-7
4096, Gloom, 9.5971E-4, 2.4168E-5, 1.9237E-7
4096, Aerodactyl, 9.5971E-4, 2.4285E-5, 1.9952E-7
4096, Kirlia, 9.5971E-4, 3.2661E-5, 1.9352999999999999E-7
4096, Kangaskhan, 9.5971E-4, 2.4066E-5, 1.8586000000000002E-7
4096, Rapidash, 9.5971E-4, 3.5194E-5, 1.999E-7
4096, Vileplume, 0.001094781, 3.0136E-5, 1.9984E-7
4096, Rapidash, 0.001094781, 3.5113E-5, 1.9762000000000002E-7
4096, Tentacruel, 0.001094781, 2.4276E-5, 1.8130000000000002E-7
4096, Porygon2, 0.001094781, 3.4957E-5, 2.0619E-7
4096, Wartortle, 0.001094781, 2.9948E-5, 1.9269000000000001E-7
4096, Vileplume, 0.001003677, 2.9758E-5, 2.3035E-7
4096, Kingler, 0.001003677, 3.9272E-5, 1.8374E-7
4096, Tauros, 0.001003677, 3.29E-5, 1.8754E-7
4096, Pichu, 0.001003677, 2.4389E-5, 1.5764999999999999E-7
4096, Nidorina, 0.001003677, 3.5337E-5, 1.9916E-7
4096, Oddish, 0.001178085, 3.2802E-5, 1.9776E-7
4096, SableyeMega Sableye, 0.001178085, 2.8881E-5, 4.5015000000000004E-7
4096, Chinchou, 0.001178085, 6.8466E-5, 2.0874999999999999E-7
4096, Ponyta, 0.001178085, 3.332E-5, 2.001E-7
4096, Cyndaquil, 0.001178085, 6.9349E-5, 2.3388E-7
4096, Oddish, 0.00101532, 3.2801E-5, 1.9627999999999998E-7
4096, CharizardMega Charizard Y, 0.00101532, 4.7342E-5, 2.1863E-7
4096, Piloswine, 0.00101532, 5.9468E-5, 1.925E-7
4096, Kakuna, 0.00101532, 3.372E-5, 2.0309000000000003E-7
4096, Flaaffy, 0.00101532, 3.9395E-5, 2.0504E-7
4096, Gloom, 0.001010604, 2.4526E-5, 1.9293999999999998E-7
4096, Furret, 0.001010604, 3.3436E-5, 1.9706000000000002E-7
4096, Beedrill, 0.001010604, 3.5E-5, 2.2886999999999998E-7
4096, Meowth, 0.001010604, 3.3151E-5, 2.0250000000000002E-7
4096, Electrode, 0.001010604, 3.0257E-5, 2.113E-7
4096, Gloom, 9.67636E-4, 2.4194E-5, 1.9456000000000002E-7
4096, Azumarill, 9.67636E-4, 3.0389E-5, 1.7388999999999998E-7
4096, Horsea, 9.67636E-4, 3.3171E-5, 2.1005E-7
4096, AggronMega Aggron, 9.67636E-4, 2.1186E-5, 2.0925999999999998E-7
4096, Eevee, 9.67636E-4, 2.4618E-5, 1.9429999999999999E-7
4096, Nidorina, 9.57819E-4, 3.5538E-5, 1.9983E-7
4096, Teddiursa, 9.57819E-4, 3.0421E-5, 2.1182000000000003E-7
4096, Aerodactyl, 9.57819E-4, 2.4073E-5, 2.0097E-7
4096, Weezing, 9.57819E-4, 4.1297E-5, 2.1074E-7
4096, Kakuna, 9.57819E-4, 3.2503E-5, 1.958E-7
4096, Nidorina, 0.001065451, 3.5584E-5, 2.0052E-7
4096, Smoochum, 0.001065451, 3.5456E-5, 2.1E-7
4096, Miltank, 0.001065451, 3.8838E-5, 2.0704E-7
4096, Parasect, 0.001065451, 3.5111E-5, 2.3315999999999998E-7
4096, Vulpix, 0.001065451, 3.2565E-5, 1.9927E-7
4096, Nidoqueen, 0.001009616, 3.0335E-5, 2.0044E-7
4096, Igglybuff, 0.001009616, 6.2432E-5, 3.3198000000000004E-7
4096, Nidoking, 0.001009616, 3.5886E-5, 1.9482000000000002E-7
4096, Spinarak, 0.001009616, 3.4835E-5, 1.8873999999999998E-7
4096, Breloom, 0.001009616, 3.8264E-5, 2.0482E-7
4096, Nidorina, 0.001299736, 7.1105E-5, 2.0443E-7
4096, Espeon, 0.001299736, 3.2726E-5, 1.7195E-7
4096, Dewgong, 0.001299736, 3.8465E-5, 2.0108000000000002E-7
4096, Chinchou, 0.001299736, 3.4971E-5, 2.0395999999999998E-7
4096, Meditite, 0.001299736, 3.4965E-5, 1.8867E-7
4096, Nidoran♀, 0.001021663, 3.5915E-5, 2.0533000000000003E-7
4096, Sableye, 0.001021663, 3.9122E-5, 2.0589E-7
4096, Nidoqueen, 0.001021663, 3.8563E-5, 1.9786E-7
4096, AmpharosMega Ampharos, 0.001021663, 2.2553E-5, 1.9865E-7
4096, Seadra, 0.001021663, 3.2798E-5, 1.5418999999999998E-7
4096, Sandslash, 9.67753E-4, 3.0147E-5, 2.1138E-7
4096, Cubone, 9.67753E-4, 3.2703E-5, 1.8808999999999999E-7
4096, Marill, 9.67753E-4, 3.3479E-5, 1.8394E-7
4096, Azumarill, 9.67753E-4, 2.9932E-5, 1.7335E-7
4096, Kabuto, 9.67753E-4, 3.2566E-5, 1.9014E-7
4096, Nidoran♀, 9.62351E-4, 3.5616E-5, 2.0557E-7
4096, Mudkip, 9.62351E-4, 3.2828E-5, 1.8462999999999998E-7
4096, Ninjask, 9.62351E-4, 3.8904E-5, 2.0002E-7
4096, Mawile, 9.62351E-4, 3.6877E-5, 2.0234999999999998E-7
4096, Victreebel, 9.62351E-4, 2.4268E-5, 2.0531E-7
4096, Nidoran♀, 9.65655E-4, 3.5357E-5, 2.0601E-7
4096, Ralts, 9.65655E-4, 2.5424E-5, 1.8674000000000002E-7
4096, Sandshrew, 9.65655E-4, 3.0402E-5, 1.9778E-7
4096, Raikou, 9.65655E-4, 3.2911E-5, 1.9777E-7
4096, GengarMega Gengar, 9.65655E-4, 2.1087E-5, 2.0253E-7
4096, Sandshrew, 0.001032242, 3.0168E-5, 2.0319E-7
4096, Spinarak, 0.001032242, 3.5319E-5, 1.9032E-7
4096, Victreebel, 0.001032242, 2.4177E-5, 2.0676E-7
4096, Dratini, 0.001032242, 4.1578E-5, 2.0117E-7
4096, Slugma, 0.001032242, 3.2542E-5, 1.9496000000000002E-7
4096, Sandshrew, 9.66775E-4, 2.9944E-5, 1.9702E-7
4096, Jumpluff, 9.66775E-4, 3.5079E-5, 1.9909E-7
4096, Scyther, 9.66775E-4, 3.8622E-5, 1.9551E-7
4096, Seel, 9.66775E-4, 2.1281E-5, 1.9148E-7
4096, Miltank, 9.66775E-4, 3.8087E-5, 2.0659E-7
4096, Sandslash, 9.91046E-4, 2.9747E-5, 2.1049E-7
4096, Magmar, 9.91046E-4, 3.3629E-5, 2.0593000000000002E-7
4096, Stantler, 9.91046E-4, 6.3801E-5, 2.2510999999999998E-7
4096, Jynx, 9.91046E-4, 5.685E-5, 2.1496E-7
4096, Furret, 9.91046E-4, 4.8394E-5, 3.5064E-7
4096, Sandshrew, 0.001026216, 2.9675E-5, 2.0265E-7
4096, Moltres, 0.001026216, 3.8549E-5, 1.9650999999999998E-7
4096, Beedrill, 0.001026216, 6.4739E-5, 3.5352E-7
4096, Snubbull, 0.001026216, 5.8812E-5, 5.0295E-7
4096, Espeon, 0.001026216, 6.8658E-5, 3.3791000000000004E-7
4096, Raichu, 9.70811E-4, 3.2774E-5, 2.1107999999999998E-7
4096, Treecko, 9.70811E-4, 6.2909E-5, 3.3067E-7
4096, Growlithe, 9.70811E-4, 3.0541E-5, 2.0041E-7
4096, Gardevoir, 9.70811E-4, 3.0282E-5, 1.5325E-7
4096, Hitmontop, 9.70811E-4, 3.0044E-5, 2.1427999999999998E-7
4096, Pikachu, 9.60481E-4, 3.8483E-5, 2.133E-7
4096, Psyduck, 9.60481E-4, 3.8972E-5, 1.9576E-7
4096, Weezing, 9.60481E-4, 3.8441E-5, 2.0474000000000002E-7
4096, Piloswine, 9.60481E-4, 3.0426E-5, 1.8574E-7
4096, Marshtomp, 9.60481E-4, 3.018E-5, 2.0956E-7
4096, Raichu, 9.60727E-4, 3.2862E-5, 2.085E-7
4096, Qwilfish, 9.60727E-4, 3.5246E-5, 1.8284999999999997E-7
4096, Piloswine, 9.60727E-4, 3.0074E-5, 1.8419E-7
4096, Spearow, 9.60727E-4, 4.8923E-5, 2.6851999999999997E-7
4096, Mightyena, 9.60727E-4, 6.3454E-5, 2.4817E-7
4096, Raichu, 0.001037218, 3.2432E-5, 5.1173E-7
4096, Phanpy, 0.001037218, 3.2881E-5, 1.9561000000000002E-7
4096, Shiftry, 0.001037218, 3.8843E-5, 1.9956999999999998E-7
4096, Pelipper, 0.001037218, 3.484E-5, 2.0322999999999997E-7
4096, Breloom, 0.001037218, 3.8309E-5, 2.0189E-7
4096, Clefable, 0.001010049, 3.5155E-5, 1.6511000000000003E-7
4096, Vigoroth, 0.001010049, 3.5302E-5, 1.9069999999999998E-7
4096, Masquerain, 0.001010049, 2.4266E-5, 1.9303E-7
4096, Breloom, 0.001010049, 3.8417E-5, 2.0566E-7
4096, Sceptile, 0.001010049, 3.4568E-5, 1.7887E-7
4096, Clefairy, 0.001043322, 3.551E-5, 1.9813000000000001E-7
4096, Pidgeotto, 0.001043322, 5.3636E-5, 3.7119000000000003E-7
4096, Kadabra, 0.001043322, 5.9327E-5, 4.2022E-7
4096, Mantine, 0.001043322, 8.664E-5, 4.6692E-7
4096, Taillow, 0.001043322, 6.4171E-5, 2.8399E-7
4096, Vulpix, 9.71711E-4, 3.2619E-5, 2.0194E-7
4096, Tyranitar, 9.71711E-4, 3.0453E-5, 1.9977E-7
4096, Lapras, 9.71711E-4, 3.2756E-5, 2.0915E-7
4096, Gengar, 9.71711E-4, 3.256E-5, 1.955E-7
4096, Slowking, 9.71711E-4, 3.5193E-5, 2.1977999999999997E-7
4096, Clefable, 0.001150172, 3.5305E-5, 1.6660999999999998E-7
4096, Beautifly, 0.001150172, 3.0622E-5, 1.8502E-7
4096, Kingdra, 0.001150172, 3.8434E-5, 2.0282E-7
4096, Nidorina, 0.001150172, 3.5772E-5, 1.9851E-7
4096, Phanpy, 0.001150172, 3.2343E-5, 1.9556E-7
4096, Nidoking, 9.58357E-4, 3.8921E-5, 1.9917E-7
4096, Meganium, 9.58357E-4, 3.542E-5, 2.1271E-7
4096, Lombre, 9.58357E-4, 3.2764E-5, 1.9782E-7
4096, Hitmonchan, 9.58357E-4, 2.415E-5, 1.8806E-7
4096, Vulpix, 9.58357E-4, 3.2431E-5, 1.9895E-7
4096, Nidoking, 9.67244E-4, 3.5018E-5, 1.9931E-7
4096, Natu, 9.67244E-4, 2.1749E-5, 1.9895E-7
4096, CharizardMega Charizard X, 9.67244E-4, 2.1264E-5, 2.2484999999999998E-7
4096, Sunflora, 9.67244E-4, 3.4718E-5, 1.9954E-7
4096, Poliwhirl, 9.67244E-4, 3.0317E-5, 2.1524E-7
4096, Clefairy, 0.001230866, 4.161E-5, 2.3332999999999999E-7
4096, Jigglypuff, 0.001230866, 2.8417E-5, 2.1092E-7
4096, Seaking, 0.001230866, 4.5065E-5, 2.2895999999999998E-7
4096, Houndoom, 0.001230866, 4.1542E-5, 2.3781E-7
4096, Nosepass, 0.001230866, 4.5113E-5, 2.2949999999999998E-7
4096, Clefairy, 0.001130812, 4.1563E-5, 2.7032E-7
4096, Poliwrath, 0.001130812, 3.6627E-5, 2.3141E-7
4096, Ursaring, 0.001130812, 4.1157E-5, 2.2834E-7
4096, Spinarak, 0.001130812, 4.0308E-5, 2.1574999999999998E-7
4096, Charizard, 0.001130812, 3.5138E-5, 2.3369E-7
4096, Nidorino, 0.001170807, 4.1562E-5, 2.3804E-7
4096, Linoone, 0.001170807, 4.5513E-5, 2.1617E-7
4096, Scizor, 0.001170807, 3.8189E-5, 2.1385E-7
4096, Tentacool, 0.001170807, 3.5247E-5, 2.3743E-7
4096, Kabuto, 0.001170807, 3.7929E-5, 2.2394E-7
4096, Nidorino, 0.001133294, 4.1783E-5, 2.3515E-7
4096, Breloom, 0.001133294, 4.5055E-5, 2.3686E-7
4096, Medicham, 0.001133294, 4.1639E-5, 2.4031E-7
4096, BlastoiseMega Blastoise, 0.001133294, 2.4739E-5, 2.4052E-7
4096, Furret, 0.001133294, 3.7959E-5, 2.2675E-7
4096, Nidoking, 0.001132905, 4.1383E-5, 2.3246E-7
4096, Slowking, 0.001132905, 4.109E-5, 2.5635E-7
4096, Hitmonlee, 0.001132905, 3.5502E-5, 2.3621999999999998E-7
4096, GyaradosMega Gyarados, 0.001132905, 2.5305E-5, 2.2212E-7
4096, Doduo, 0.001132905, 2.8383E-5, 2.1357E-7
4096, Nidorino, 0.001125233, 4.172E-5, 2.4031E-7
4096, Slugma, 0.001125233, 3.8666E-5, 2.3388999999999999E-7
4096, Croconaw, 0.001125233, 4.0801E-5, 2.3173E-7
4096, Bellsprout, 0.001125233, 2.7975E-5, 2.6636999999999997E-7
4096, Lickitung, 0.001125233, 3.5466E-5, 2.4178000000000004E-7
4096, Nidoqueen, 0.001124674, 3.4998E-5, 1.9737E-7
4096, Nidoran♂, 0.001124674, 4.6718E-5, 2.4938000000000003E-7
4096, Slowking, 0.001124674, 5.1264E-5, 3.3218E-7
4096, Articuno, 0.001124674, 4.1197E-5, 2.3141E-7
4096, Phanpy, 0.001124674, 3.8393E-5, 2.2846000000000002E-7
4096, Nidoqueen, 0.001129841, 3.4615E-5, 1.9479E-7
4096, Tauros, 0.001129841, 3.8565E-5, 2.1781000000000002E-7
4096, Grovyle, 0.001129841, 4.5229E-5, 2.1353E-7
4096, Magneton, 0.001129841, 4.1161E-5, 2.3977000000000004E-7
4096, Mightyena, 0.001129841, 3.5732E-5, 2.183E-7
4096, Nidoran♂, 0.001122929, 4.1688E-5, 2.5386E-7
4096, AggronMega Aggron, 0.001122929, 2.493E-5, 2.4455E-7
4096, Parasect, 0.001122929, 4.1057E-5, 2.3206E-7
4096, Wurmple, 0.001122929, 4.5464E-5, 2.0868E-7
4096, Sudowoodo, 0.001122929, 3.5035E-5, 2.419E-7
4096, Nidoran♂, 0.001180408, 4.1522E-5, 2.5701E-7
4096, Metapod, 0.001180408, 4.5814E-5, 2.1375000000000002E-7
4096, Dratini, 0.001180408, 4.6062E-5, 2.3926E-7
4096, Gligar, 0.001180408, 3.9158E-5, 2.3770000000000002E-7
4096, Snubbull, 0.001180408, 4.6842E-5, 2.3875E-7
4096, PidgeotMega Pidgeot, 0.001119348, 2.5007E-5, 2.4250999999999997E-7
4096, Pidgeot, 0.001119348, 5.0236E-5, 2.4315E-7
4096, Cleffa, 0.001119348, 3.848E-5, 2.3715E-7
4096, CharizardMega Charizard X, 0.001119348, 2.4442E-5, 2.6065E-7
4096, Electrode, 0.001119348, 3.5774E-5, 2.4598E-7
4096, PidgeotMega Pidgeot, 0.001130551, 2.4883E-5, 2.3927E-7
4096, Jigglypuff, 0.001130551, 2.9184E-5, 2.0979999999999999E-7
4096, Delibird, 0.001130551, 4.192E-5, 2.0483000000000002E-7
4096, SwampertMega Swampert, 0.001130551, 2.5265E-5, 2.2445E-7
4096, Jynx, 0.001130551, 2.4931E-5, 2.1174000000000002E-7
4096, Rattata, 0.001116405, 4.5077E-5, 2.5624E-7
4096, Loudred, 0.001116405, 4.5149E-5, 2.4015E-7
4096, Pidgeotto, 0.001116405, 3.53E-5, 2.2684E-7
4096, Smeargle, 0.001116405, 4.0864E-5, 1.9531E-7
4096, Oddish, 0.001116405, 3.8183E-5, 2.2269E-7
4096, Rattata, 0.001121945, 4.4515E-5, 2.2483E-7
4096, Minun, 0.001121945, 2.9046E-5, 2.2526000000000002E-7
4096, Seaking, 0.001121945, 4.5012E-5, 2.3102000000000001E-7
4096, Smoochum, 0.001121945, 4.113E-5, 2.4731E-7
4096, Rapidash, 0.001121945, 4.0866E-5, 2.2784E-7
8192, Palpitoad, 0.002339789, 7.0682E-5, 4.6777E-7
8192, Treecko, 0.002339789, 1.50151E-4, 2.5834E-7
8192, Drowzee, 0.002339789, 8.3559E-5, 1.9587000000000002E-7
8192, Snorlax, 0.002339789, 8.2978E-5, 2.3462999999999998E-7
8192, KyogrePrimal Kyogre, 0.002339789, 4.7998E-5, 2.1559000000000001E-7
8192, Tympole, 0.002274773, 8.4044E-5, 2.1873E-7
8192, CameruptMega Camerupt, 0.002274773, 4.8921E-5, 2.2885E-7
8192, Golbat, 0.002274773, 6.9268E-5, 2.1884E-7
8192, Mantine, 0.002274773, 8.3843E-5, 1.6138E-7
8192, Kyogre, 0.002274773, 6.9374E-5, 2.0652000000000003E-7
8192, Seismitoad, 0.002173143, 4.5954E-5, 1.5318000000000003E-7
8192, Pupitar, 0.002173143, 7.5021E-5, 1.9716E-7
8192, Phione, 0.002173143, 6.2555E-5, 1.8151E-7
8192, Skorupi, 0.002173143, 7.3818E-5, 2.0154000000000002E-7
8192, Hoppip, 0.002173143, 6.2013E-5, 1.8277000000000001E-7
8192, Seismitoad, 0.002330841, 1.0613E-4, 1.5364000000000002E-7
8192, Gigalith, 0.002330841, 6.8796E-5, 1.7559E-7
8192, Dragonite, 0.002330841, 5.8641E-5, 2.0955E-7
8192, Dodrio, 0.002330841, 6.1651E-5, 1.7421000000000002E-7
8192, Politoed, 0.002330841, 6.7893E-5, 1.7836999999999998E-7
8192, Gurdurr, 0.002247459, 7.8766E-5, 2.1263999999999998E-7
8192, Gabite, 0.002247459, 6.6402E-5, 2.0521E-7
8192, Noctowl, 0.002247459, 7.8764E-5, 2.113E-7
8192, WormadamSandy Cloak, 0.002247459, 8.0188E-5, 4.8081E-7
8192, Buizel, 0.002247459, 6.5372E-5, 2.0817000000000002E-7
8192, Timburr, 0.002456488, 7.857E-5, 2.1501999999999998E-7
8192, Ledyba, 0.002456488, 6.5613E-5, 1.7220000000000002E-7
8192, Rhydon, 0.002456488, 6.5293E-5, 1.8907E-7
8192, Glaceon, 0.002456488, 1.17764E-4, 2.0975E-7
8192, ScizorMega Scizor, 0.002456488, 4.5282E-5, 1.879E-7
8192, Conkeldurr, 0.002238948, 4.9205E-5, 2.0799E-7
8192, Clefable, 0.002238948, 7.2447E-5, 2.1637E-7
8192, Scraggy, 0.002238948, 7.8721E-5, 2.0752E-7
8192, Surskit, 0.002238948, 7.8024E-5, 2.0735000000000001E-7
8192, Houndour, 0.002238948, 7.2071E-5, 2.1084E-7
8192, Conkeldurr, 0.002226237, 4.9036E-5, 2.0696999999999998E-7
8192, Trapinch, 0.002226237, 7.3013E-5, 2.0647E-7
8192, Patrat, 0.002226237, 9.0034E-5, 1.936E-7
8192, Probopass, 0.002226237, 6.1753E-5, 2.1228000000000002E-7
8192, Wartortle, 0.002226237, 6.1471E-5, 2.0752E-7
8192, Audino, 0.00265622, 8.1366E-5, 2.5217E-7
8192, Pupitar, 0.00265622, 9.7148E-5, 2.5982E-7
8192, Tranquill, 0.00265622, 7.5592E-5, 2.7023E-7
8192, Larvitar, 0.00265622, 8.8935E-5, 2.4492E-7
8192, Sceptile, 0.00265622, 8.8569E-5, 2.5158E-7
8192, Excadrill, 0.002679596, 7.6509E-5, 1.9974E-7
8192, Boldore, 0.002679596, 1.08934E-4, 2.4299E-7
8192, Flaaffy, 0.002679596, 9.8296E-5, 2.5665E-7
8192, Mawile, 0.002679596, 8.8192E-5, 2.7455E-7
8192, Grovyle, 0.002679596, 9.7767E-5, 2.4397E-7
8192, AudinoMega Audino, 0.00262891, 6.0255E-5, 2.6645999999999997E-7
8192, Kricketot, 0.00262891, 7.7011E-5, 2.6656E-7
8192, Growlithe, 0.00262891, 7.6198E-5, 2.5195E-7
8192, Marowak, 0.00262891, 9.8212E-5, 2.4212E-7
8192, Venomoth, 0.00262891, 8.9415E-5, 2.352E-7
8192, AudinoMega Audino, 0.002647797, 5.5477E-5, 2.6626E-7
8192, Tranquill, 0.002647797, 7.6432E-5, 2.7047999999999997E-7
8192, Charmeleon, 0.002647797, 6.141E-5, 2.5596E-7
8192, Ninetales, 0.002647797, 7.5772E-5, 2.2160000000000003E-7
8192, Venonat, 0.002647797, 9.6751E-5, 2.5016E-7
8192, Swoobat, 0.002638115, 9.7207E-5, 2.6663E-7
8192, Clefairy, 0.002638115, 9.0942E-5, 2.4495E-7
8192, Pidgeotto, 0.002638115, 7.5667E-5, 2.7245000000000003E-7
8192, GiratinaAltered Forme, 0.002638115, 6.1291E-5, 2.4665E-7
8192, Loudred, 0.002638115, 9.8332E-5, 2.4998E-7
8192, Woobat, 0.002654264, 8.0873E-5, 2.7828E-7
8192, Spinda, 0.002654264, 8.2293E-5, 2.2915E-7
8192, Tympole, 0.002654264, 9.73E-5, 2.4683E-7
8192, Electabuzz, 0.002654264, 6.1502E-5, 2.7615E-7
8192, Whismur, 0.002654264, 9.6815E-5, 2.1566E-7
8192, Excadrill, 0.002660312, 7.5917E-5, 1.9772999999999998E-7
8192, Celebi, 0.002660312, 8.2121E-5, 3.1215E-7
8192, Pinsir, 0.002660312, 8.1939E-5, 2.6577E-7
8192, Absol, 0.002660312, 6.2157E-5, 2.5717E-7
8192, Cloyster, 0.002660312, 8.9596E-5, 2.7354E-7
8192, Drilbur, 0.002681557, 9.8263E-5, 2.7837E-7
8192, Camerupt, 0.002681557, 9.0515E-5, 2.5809E-7
8192, Tentacruel, 0.002681557, 6.0455E-5, 2.6192E-7
8192, Purugly, 0.002681557, 9.7812E-5, 2.6084E-7
8192, Garchomp, 0.002681557, 8.8721E-5, 2.1908E-7
8192, Petilil, 0.002364391, 8.8809E-5, 2.3938E-7
8192, GiratinaAltered Forme, 0.002364391, 5.0191E-5, 2.1747E-7
8192, SharpedoMega Sharpedo, 0.002364391, 7.3163E-5, 2.3705000000000002E-7
8192, Maractus, 0.002364391, 1.2736E-4, 2.3461E-7
8192, Miltank, 0.002364391, 1.09525E-4, 2.3425999999999998E-7
8192, Whimsicott, 0.002376636, 5.3136E-5, 2.5065000000000004E-7
8192, Heracross, 0.002376636, 6.7293E-5, 2.3119E-7
8192, Tympole, 0.002376636, 8.5902E-5, 2.1903E-7
8192, Gloom, 0.002376636, 5.4316E-5, 1.8281E-7
8192, Slowpoke, 0.002376636, 7.8227E-5, 2.3459E-7
8192, Lilligant, 0.002324464, 6.6499E-5, 3.172E-7
8192, Seel, 0.002324464, 4.9815E-5, 2.3906E-7
8192, Pachirisu, 0.002324464, 6.6504E-5, 2.1143E-7
8192, Buizel, 0.002324464, 7.5698E-5, 2.2335E-7
8192, Clefairy, 0.002324464, 7.8633E-5, 2.1402E-7
8192, Petilil, 0.002438994, 8.5068E-5, 2.3765000000000001E-7
8192, Metang, 0.002438994, 7.1404E-5, 2.279E-7
8192, Shelgon, 0.002438994, 8.6088E-5, 2.3238E-7
8192, Probopass, 0.002438994, 6.5913E-5, 2.2867999999999998E-7
8192, Blissey, 0.002438994, 8.7602E-5, 4.783E-7
8192, Scolipede, 0.002446257, 6.6605E-5, 2.3495000000000002E-7
8192, Loudred, 0.002446257, 8.6431E-5, 2.2335E-7
8192, Groudon, 0.002446257, 8.5049E-5, 1.9865E-7
8192, Suicune, 0.002446257, 8.5278E-5, 2.15E-7
8192, Kirlia, 0.002446257, 7.0127E-5, 2.3103E-7
8192, Whirlipede, 0.002414865, 5.3602E-5, 2.2704000000000003E-7
8192, Charmeleon, 0.002414865, 5.4022E-5, 2.2538999999999998E-7
8192, Altaria, 0.002414865, 8.463E-5, 2.1566E-7
8192, Bonsly, 0.002414865, 7.0591E-5, 2.2583E-7
8192, Porygon-Z, 0.002414865, 1.11586E-4, 2.1982000000000002E-7
8192, Cottonee, 0.002342048, 7.8365E-5, 2.3136E-7
8192, Darkrai, 0.002342048, 8.5311E-5, 2.0344E-7
8192, Mesprit, 0.002342048, 8.4635E-5, 2.1499E-7
8192, Marowak, 0.002342048, 8.6402E-5, 2.1251000000000001E-7
8192, GardevoirMega Gardevoir, 0.002342048, 4.735E-5, 2.228E-7
8192, Scolipede, 0.002423375, 6.6663E-5, 2.3715E-7
8192, Bulbasaur, 0.002423375, 6.7107E-5, 2.1837000000000002E-7
8192, Purugly, 0.002423375, 8.621E-5, 2.2857000000000001E-7
8192, Politoed, 0.002423375, 7.8303E-5, 2.0183E-7
8192, Gardevoir, 0.002423375, 6.6385E-5, 2.4267E-7
8192, Leavanny, 0.002328852, 8.1806E-5, 2.3048E-7
8192, Dodrio, 0.002328852, 7.1924E-5, 2.0244E-7
8192, Drilbur, 0.002328852, 8.6236E-5, 2.3942E-7
8192, Alakazam, 0.002328852, 7.895E-5, 2.3432E-7
8192, Pansage, 0.002328852, 8.501E-5, 2.3227999999999999E-7
8192, Swadloon, 0.002472001, 7.8603E-5, 2.0809E-7
8192, Beldum, 0.002472001, 7.1727E-5, 2.3252999999999998E-7
8192, Rotom, 0.002472001, 5.4556E-5, 2.176E-7
8192, Electabuzz, 0.002472001, 5.3694E-5, 2.4226E-7
8192, Purrloin, 0.002472001, 7.8428E-5, 2.0372999999999999E-7
8192, Venipede, 0.002317919, 7.8879E-5, 2.3148E-7
8192, SlowbroMega Slowbro, 0.002317919, 5.0715E-5, 2.3740999999999998E-7
8192, Machop, 0.002317919, 7.1921E-5, 2.0969E-7
8192, Registeel, 0.002317919, 6.6787E-5, 2.3791999999999998E-7
8192, Wailmer, 0.002317919, 8.5624E-5, 2.3758E-7
8192, Leavanny, 0.002386111, 7.8078E-5, 2.2746E-7
8192, Luvdisc, 0.002386111, 8.5528E-5, 1.8894E-7
8192, Butterfree, 0.002386111, 5.2579E-5, 2.4701E-7
8192, CharizardMega Charizard X, 0.002386111, 4.7719E-5, 1.7981E-7
8192, Hitmonlee, 0.002386111, 6.6617E-5, 2.0326E-7
8192, Sawk, 0.002345371, 4.8264E-5, 2.2866E-7
8192, Lucario, 0.002345371, 8.5733E-5, 2.3754E-7
8192, Raichu, 0.002345371, 7.1745E-5, 2.0271E-7
8192, Lumineon, 0.002345371, 7.9245E-5, 2.2429E-7
8192, Krookodile, 0.002345371, 5.3423E-5, 2.2062999999999998E-7
8192, Throh, 0.00243498, 5.4152E-5, 2.3767E-7
8192, Tranquill, 0.00243498, 6.7008E-5, 2.3743E-7
8192, Whirlipede, 0.00243498, 5.2835E-5, 2.2318E-7
8192, Piplup, 0.00243498, 7.1668E-5, 2.2689E-7
8192, Lileep, 0.00243498, 7.1068E-5, 2.0215E-7
8192, Sewaddle, 0.002367488, 7.8628E-5, 2.2174000000000003E-7
8192, Gabite, 0.002367488, 7.2322E-5, 2.2414E-7
8192, Drifblim, 0.002367488, 7.876E-5, 2.6421999999999997E-7
8192, Gligar, 0.002367488, 7.2207E-5, 2.3787E-7
8192, Moltres, 0.002367488, 8.5075E-5, 2.3393E-7
8192, Sewaddle, 0.002330009, 7.9002E-5, 2.2377E-7
8192, Ledyba, 0.002330009, 7.1696E-5, 1.9029E-7
8192, Magnemite, 0.002330009, 1.08265E-4, 2.2938E-7
8192, Zigzagoon, 0.002330009, 6.6629E-5, 2.2212E-7
8192, Zapdos, 0.002330009, 7.0585E-5, 2.2251E-7
8192, Pansear, 0.002379369, 8.6628E-5, 2.1827E-7
8192, Dwebble, 0.002379369, 8.5688E-5, 2.1812999999999998E-7
8192, Slowbro, 0.002379369, 1.19352E-4, 3.7842E-7
8192, GiratinaAltered Forme, 0.002379369, 4.9986E-5, 2.1951E-7
8192, Poliwhirl, 0.002379369, 6.6983E-5, 2.2414E-7
8192, Pansear, 0.002528285, 8.557E-5, 2.2242E-7
8192, Gardevoir, 0.002528285, 6.6403E-5, 2.433E-7
8192, Lairon, 0.002528285, 1.14296E-4, 2.2739E-7
8192, Whimsicott, 0.002528285, 5.2815E-5, 2.2158E-7
8192, Poliwag, 0.002528285, 8.4863E-5, 2.3598999999999998E-7
8192, Panpour, 0.002328293, 8.6098E-5, 2.1412000000000001E-7
8192, Girafarig, 0.002328293, 6.6952E-5, 2.2981E-7
8192, Sudowoodo, 0.002328293, 6.6089E-5, 2.4355E-7
8192, Absol, 0.002328293, 5.3948E-5, 2.2626E-7
8192, Mismagius, 0.002328293, 7.0287E-5, 2.3981E-7
8192, Simisear, 0.00233405, 7.8683E-5, 2.1807E-7
8192, Swellow, 0.00233405, 8.5705E-5, 2.3828E-7
8192, Ditto, 0.00233405, 5.4148E-5, 2.3162E-7
8192, Nosepass, 0.00233405, 7.8174E-5, 2.1725E-7
8192, Remoraid, 0.00233405, 7.8248E-5, 2.2911000000000002E-7
8192, Liepard, 0.002330403, 8.6028E-5, 2.3149000000000002E-7
8192, AbsolMega Absol, 0.002330403, 4.7589E-5, 2.0033E-7
8192, Dratini, 0.002330403, 8.4978E-5, 2.33E-7
8192, Xatu, 0.002330403, 4.7775E-5, 2.1524E-7
8192, Exeggcute, 0.002330403, 6.6648E-5, 2.3478000000000002E-7
8192, Liepard, 0.002526981, 1.03654E-4, 2.3099E-7
8192, Geodude, 0.002526981, 8.6764E-5, 2.3332999999999999E-7
8192, GengarMega Gengar, 0.002526981, 4.8768E-5, 2.146E-7
8192, MetagrossMega Metagross, 0.002526981, 4.8004E-5, 2.2309E-7
8192, Muk, 0.002526981, 4.6372E-5, 2.3004E-7
8192, Simisage, 0.002341044, 7.9705E-5, 2.4383E-7
8192, Duskull, 0.002341044, 8.9892E-5, 2.1975E-7
8192, Sceptile, 0.002341044, 7.9034E-5, 2.2041E-7
8192, Mesprit, 0.002341044, 8.4493E-5, 2.177E-7
8192, Zigzagoon, 0.002341044, 6.6665E-5, 2.2281E-7
8192, Pansage, 0.002342304, 8.4825E-5, 2.3794999999999998E-7
8192, Bellsprout, 0.002342304, 5.385E-5, 2.3166000000000002E-7
8192, Unown, 0.002342304, 5.399E-5, 1.9639E-7
8192, Seaking, 0.002342304, 8.967E-5, 2.2715E-7
8192, Mightyena, 0.002342304, 6.641E-5, 2.4044E-7
8192, Stoutland, 0.002340547, 6.6951E-5, 2.2746E-7
8192, Bayleef, 0.002340547, 8.5607E-5, 1.8219999999999998E-7
8192, Sneasel, 0.002340547, 8.5704E-5, 1.8553999999999998E-7
8192, Trubbish, 0.002340547, 7.8764E-5, 2.3101E-7
8192, Darkrai, 0.002340547, 8.9987E-5, 2.056E-7
8192, Herdier, 0.002347197, 8.6874E-5, 2.4132E-7
8192, Kingdra, 0.002347197, 8.6503E-5, 2.3939E-7
8192, Sentret, 0.002347197, 8.5966E-5, 2.3051999999999998E-7
8192, Emboar, 0.002347197, 7.1416E-5, 2.3413000000000002E-7
8192, Crawdaunt, 0.002347197, 6.668E-5, 2.459E-7
8192, Purrloin, 0.002340699, 7.8097E-5, 2.1469E-7
8192, Mewtwo, 0.002340699, 9.4144E-5, 3.9202000000000004E-7
8192, Carvanha, 0.002340699, 7.9494E-5, 2.1946E-7
8192, Roselia, 0.002340699, 8.4675E-5, 1.9712E-7
8192, MawileMega Mawile, 0.002340699, 4.8106E-5, 2.3305E-7
8192, Stoutland, 0.002382565, 6.7255E-5, 2.3364E-7
8192, Purugly, 0.002382565, 8.659E-5, 2.3283E-7
8192, Beautifly, 0.002382565, 6.6618E-5, 2.2522E-7
8192, Lillipup, 0.002382565, 7.8557E-5, 2.3382E-7
8192, ShayminLand Forme, 0.002382565, 4.8126E-5, 2.305E-7
8192, Watchog, 0.002552777, 8.574E-5, 2.2524E-7
8192, MedichamMega Medicham, 0.002552777, 5.0702E-5, 2.3301E-7
8192, GardevoirMega Gardevoir, 0.002552777, 4.7299E-5, 2.2245E-7
8192, Pelipper, 0.002552777, 7.9105E-5, 2.2459E-7
8192, Gurdurr, 0.002552777, 8.5203E-5, 2.2603999999999998E-7
8192, Patrat, 0.00245756, 7.1393E-5, 2.0231999999999997E-7
8192, PidgeotMega Pidgeot, 0.00245756, 4.9467E-5, 2.2463000000000002E-7
8192, Kingdra, 0.00245756, 1.16753E-4, 5.1918E-7
8192, Altaria, 0.00245756, 1.44591E-4, 2.4301999999999996E-7
8192, Crobat, 0.00245756, 7.8587E-5, 2.1931999999999998E-7
8192, Lillipup, 0.002349616, 7.8506E-5, 2.3939E-7
8192, Stoutland, 0.002349616, 6.8046E-5, 2.2022E-7
8192, Weezing, 0.002349616, 8.4839E-5, 2.2531000000000002E-7
8192, Omastar, 0.002349616, 8.5149E-5, 2.7416E-7
8192, Tauros, 0.002349616, 7.541E-5, 2.3352E-7
8192, Watchog, 0.002358038, 8.6638E-5, 2.2149E-7
8192, Smeargle, 0.002358038, 7.9089E-5, 2.2918999999999998E-7
8192, Cacturne, 0.002358038, 7.9055E-5, 2.1887E-7
8192, Murkrow, 0.002358038, 8.5308E-5, 1.8139E-7
8192, Omanyte, 0.002358038, 8.5363E-5, 2.1758000000000002E-7
8192, Boldore, 0.002409767, 8.6309E-5, 2.1567E-7
8192, Bibarel, 0.002409767, 8.5455E-5, 2.1440000000000001E-7
8192, Grimer, 0.002409767, 7.1536E-5, 2.2602E-7
8192, Wailmer, 0.002409767, 8.6175E-5, 2.3913E-7
8192, Flygon, 0.002409767, 7.1037E-5, 2.3194E-7
8192, Roggenrola, 0.002371339, 5.4678E-5, 2.4144E-7
8192, GalladeMega Gallade, 0.002371339, 5.0661E-5, 2.1866E-7
8192, Nidoran♂, 0.002371339, 8.1009E-5, 2.3115E-7
8192, Mudkip, 0.002371339, 7.2252E-5, 2.4034E-7
8192, Horsea, 0.002371339, 7.218E-5, 2.2082E-7
8192, Woobat, 0.002334424, 7.4605E-5, 2.4680999999999997E-7
8192, Empoleon, 0.002334424, 7.9235E-5, 2.305E-7
8192, Quagsire, 0.002334424, 7.8294E-5, 2.2092000000000002E-7
8192, Poliwag, 0.002334424, 8.4926E-5, 2.3748E-7
8192, Mesprit, 0.002334424, 8.4874E-5, 2.1505E-7
8192, Gigalith, 0.002347587, 7.8956E-5, 2.0598000000000002E-7
8192, Goldeen, 0.002347587, 8.5962E-5, 2.5359E-7
8192, Kabutops, 0.002347587, 7.8705E-5, 2.114E-7
8192, Zigzagoon, 0.002347587, 6.6283E-5, 2.2395000000000002E-7
8192, Uxie, 0.002347587, 4.7446E-5, 2.236E-7
8192, Blitzle, 0.002456654, 8.6465E-5, 2.4409E-7
8192, Pineco, 0.002456654, 7.9505E-5, 2.1663E-7
8192, Meganium, 0.002456654, 7.9975E-5, 2.3254000000000002E-7
8192, Snorlax, 0.002456654, 8.5557E-5, 2.4117E-7
8192, Quilava, 0.002456654, 8.5854E-5, 2.1149E-7
8192, Unfezant, 0.002331867, 7.8479E-5, 2.2517000000000002E-7
8192, Wingull, 0.002331867, 8.6094E-5, 2.1282999999999998E-7
8192, Exeggutor, 0.002331867, 6.7006E-5, 2.2696000000000002E-7
8192, Slowbro, 0.002331867, 9.0849E-5, 2.2708E-7
8192, Cyndaquil, 0.002331867, 6.6308E-5, 2.2901E-7
8192, Roggenrola, 0.002346131, 5.3285E-5, 2.3395E-7
8192, Slowking, 0.002346131, 7.9432E-5, 2.1697E-7
8192, Sandile, 0.002346131, 8.556E-5, 2.2677E-7
8192, Skorupi, 0.002346131, 9.2789E-5, 2.2881E-7
8192, Blitzle, 0.002346131, 8.5183E-5, 2.3987E-7
8192, Zebstrika, 0.002318593, 6.7449E-5, 2.2204999999999998E-7
8192, RotomHeat Rotom, 0.002318593, 4.7618E-5, 2.1056E-7
8192, Granbull, 0.002318593, 7.8772E-5, 2.3587E-7
8192, Lillipup, 0.002318593, 7.8305E-5, 2.3115E-7
8192, Unfezant, 0.002318593, 7.7639E-5, 2.1938E-7
8192, Pidove, 0.002493551, 7.2312E-5, 2.4460999999999996E-7
8192, Duskull, 0.002493551, 9.0162E-5, 2.135E-7
8192, Octillery, 0.002493551, 6.7103E-5, 2.1985E-7
8192, Wingull, 0.002493551, 8.5034E-5, 2.1487E-7
8192, Slowking, 0.002493551, 7.7712E-5, 2.1656E-7
8192, Pidove, 0.002375836, 7.147E-5, 2.386E-7
8192, Bellsprout, 0.002375836, 5.3752E-5, 2.2809000000000003E-7
8192, Chinchou, 0.002375836, 7.8225E-5, 2.0225999999999999E-7
8192, Gliscor, 0.002375836, 8.5367E-5, 2.3145E-7
8192, Lilligant, 0.002375836, 6.5986E-5, 2.3796E-7
8192, Unfezant, 0.002526003, 7.9373E-5, 2.2129000000000002E-7
8192, Crustle, 0.002526003, 9.0494E-5, 2.3327E-7
8192, Venomoth, 0.002526003, 7.9198E-5, 2.0553000000000001E-7
8192, Omanyte, 0.002526003, 8.4685E-5, 2.1864E-7
8192, Tropius, 0.002526003, 8.4773E-5, 1.8927E-7
8192, Tranquill, 0.002355934, 6.693E-5, 2.415E-7
8192, GardevoirMega Gardevoir, 0.002355934, 4.8855E-5, 2.2344000000000002E-7
8192, Archen, 0.002355934, 7.1461E-5, 2.3762E-7
8192, Barboach, 0.002355934, 7.7934E-5, 2.3912E-7
8192, Dusclops, 0.002355934, 7.7045E-5, 2.2642E-7
8192, Simipour, 0.002512723, 8.5397E-5, 2.5775E-7
8192, Murkrow, 0.002512723, 9.1643E-5, 1.9672E-7
8192, BlastoiseMega Blastoise, 0.002512723, 5.1151E-5, 2.1462E-7
8192, Kingler, 0.002512723, 9.0984E-5, 2.4353E-7
8192, Pidgeot, 0.002512723, 9.1037E-5, 2.3434E-7
8192, Simipour, 0.00251207, 8.4343E-5, 2.4874E-7
8192, Rotom, 0.00251207, 5.8242E-5, 2.3048E-7
8192, Elekid, 0.00251207, 7.6024E-5, 2.1851000000000002E-7
8192, Typhlosion, 0.00251207, 5.5911E-5, 2.4303E-7
8192, Pidgeotto, 0.00251207, 7.0588E-5, 3.4867999999999997E-7
8192, Musharna, 0.002513647, 8.3427E-5, 2.5408E-7
8192, AbsolMega Absol, 0.002513647, 4.9851E-5, 2.1569999999999998E-7
8192, Goldeen, 0.002513647, 9.1231E-5, 2.3119E-7
8192, Woobat, 0.002513647, 8.0656E-5, 3.1466E-7
8192, Torterra, 0.002513647, 8.3427E-5, 3.1424000000000004E-7
8192, Munna, 0.002482982, 5.593E-5, 2.5544E-7
8192, Geodude, 0.002482982, 8.9779E-5, 2.5058999999999997E-7
8192, Alakazam, 0.002482982, 8.6535E-5, 2.4938000000000003E-7
8192, Hoothoot, 0.002482982, 8.3113E-5, 2.4477E-7
8192, Turtwig, 0.002482982, 9.0306E-5, 2.4586E-7
8192, Darkrai, 0.002477019, 8.896E-5, 2.2549000000000002E-7
8192, Togekiss, 0.002477019, 8.3569E-5, 2.4847E-7
8192, Combee, 0.002477019, 7.4393E-5, 2.4707E-7
8192, Combusken, 0.002477019, 6.9793E-5, 2.0058000000000001E-7
8192, Pinsir, 0.002477019, 7.4831E-5, 2.4675E-7
8192, Manaphy, 0.002384553, 8.4137E-5, 2.199E-7
8192, Swadloon, 0.002384553, 1.23254E-4, 1.9639E-7
8192, Luvdisc, 0.002384553, 8.2147E-5, 1.7833E-7
8192, Sunflora, 0.002384553, 7.4676E-5, 2.1841E-7
8192, Samurott, 0.002384553, 7.4258E-5, 2.076E-7
8192, ShayminLand Forme, 0.00224378, 4.5221E-5, 2.3077E-7
8192, Lickilicky, 0.00224378, 5.0143E-5, 2.1797E-7
8192, Sceptile, 0.00224378, 7.3133E-5, 2.8785E-7
8192, Yamask, 0.00224378, 6.6153E-5, 1.8985E-7
8192, Electivire, 0.00224378, 4.8995E-5, 2.2354E-7
8192, ShayminLand Forme, 0.002155885, 4.4267E-5, 2.2099999999999998E-7
8192, Politoed, 0.002155885, 7.3466E-5, 1.9312999999999998E-7
8192, Yanmega, 0.002155885, 7.9516E-5, 2.1807E-7
8192, Murkrow, 0.002155885, 7.9369E-5, 1.7136999999999998E-7
8192, Volbeat, 0.002155885, 7.989E-5, 1.9659E-7
8192, Cresselia, 0.002240941, 6.2204E-5, 2.2328E-7
8192, Meowth, 0.002240941, 6.6915E-5, 2.2484E-7
8192, RotomMow Rotom, 0.002240941, 8.2418E-5, 2.1424E-7
8192, Blitzle, 0.002240941, 7.9994E-5, 2.2234000000000002E-7
8192, Omastar, 0.002240941, 7.9521E-5, 2.1119E-7
8192, GiratinaOrigin Forme, 0.002237743, 4.1687E-5, 2.289E-7
8192, Baltoy, 0.002237743, 6.6796E-5, 2.1160000000000002E-7
8192, Honchkrow, 0.002237743, 6.19E-5, 2.0781E-7
8192, Caterpie, 0.002237743, 7.3223E-5, 2.0416E-7
8192, Cottonee, 0.002237743, 7.2776E-5, 2.1310000000000002E-7
8192, Phione, 0.002514658, 6.5854E-5, 2.0673E-7
8192, Wurmple, 0.002514658, 8.06E-5, 2.1728E-7
8192, Carvanha, 0.002514658, 7.3177E-5, 2.0568999999999998E-7
8192, DeoxysAttack Forme, 0.002514658, 4.1834E-5, 2.117E-7
8192, Dewott, 0.002514658, 6.5926E-5, 2.1593E-7
8192, Phione, 0.002317656, 8.0971E-5, 2.0713E-7
8192, Cottonee, 0.002317656, 7.4557E-5, 2.1541E-7
8192, Beautifly, 0.002317656, 6.2331E-5, 2.1083000000000002E-7
8192, Gabite, 0.002317656, 6.6884E-5, 2.0774E-7
8192, Banette, 0.002317656, 7.9329E-5, 1.9145E-7
8192, Regigigas, 0.002299825, 6.3743E-5, 1.7612999999999998E-7
8192, Lickilicky, 0.002299825, 5.0749E-5, 2.1506E-7
8192, Lilligant, 0.002299825, 6.2856E-5, 2.2026E-7
8192, ScizorMega Scizor, 0.002299825, 5.3157E-5, 1.9454E-7
8192, Mareep, 0.002299825, 6.7768E-5, 2.3141E-7
8192, Heatran, 0.002195447, 7.9908E-5, 2.1069000000000002E-7
8192, Politoed, 0.002195447, 7.517E-5, 1.9181000000000002E-7
8192, Arceus, 0.002195447, 6.6946E-5, 2.1333000000000002E-7
8192, Luxray, 0.002195447, 6.6824E-5, 2.1838999999999999E-7
8192, Regirock, 0.002195447, 7.3909E-5, 2.1043E-7
8192, GiratinaOrigin Forme, 0.002402771, 4.3774E-5, 2.3101E-7
8192, Growlithe, 0.002402771, 6.3434E-5, 2.1413999999999998E-7
8192, Kyogre, 0.002402771, 6.7791E-5, 2.1101E-7
8192, Victreebel, 0.002402771, 5.1E-5, 1.9687E-7
8192, Scolipede, 0.002402771, 6.3071E-5, 2.1831000000000003E-7
8192, GiratinaAltered Forme, 0.002183778, 4.6057E-5, 2.0828E-7
8192, Feebas, 0.002183778, 6.7044E-5, 2.0603E-7
8192, Cacturne, 0.002183778, 7.3458E-5, 2.0647E-7
8192, Mew, 0.002183778, 4.3375E-5, 1.8361E-7
8192, Ampharos, 0.002183778, 7.2903E-5, 2.0699E-7
8192, Dialga, 0.002208371, 6.6581E-5, 2.0548E-7
8192, Wurmple, 0.002208371, 8.0149E-5, 2.1806E-7
8192, Anorith, 0.002208371, 8.0105E-5, 2.0495E-7
8192, Nidorina, 0.002208371, 7.8194E-5, 2.2812E-7
8192, Venusaur, 0.002208371, 7.4287E-5, 2.2527E-7
8192, Azelf, 0.002199047, 5.1307E-5, 1.9022E-7
8192, Cottonee, 0.002199047, 7.4079E-5, 2.1611999999999998E-7
8192, Tirtouga, 0.002199047, 7.363E-5, 2.0497000000000001E-7
8192, Cloyster, 0.002199047, 7.3849E-5, 2.2597E-7
8192, WormadamPlant Cloak, 0.002199047, 4.6236E-5, 2.1984000000000002E-7
8192, Heatran, 0.00221695, 8.0499E-5, 2.1044E-7
8192, Cherrim, 0.00221695, 8.4954E-5, 1.9711000000000002E-7
8192, GarchompMega Garchomp, 0.00221695, 4.6555E-5, 2.1478E-7
8192, Lickilicky, 0.00221695, 4.9943E-5, 2.1527E-7
8192, MetagrossMega Metagross, 0.00221695, 4.4792E-5, 2.1035E-7
8192, Palkia, 0.002229426, 6.761E-5, 6.8666E-7
8192, Swadloon, 0.002229426, 7.5526E-5, 2.2743E-7
8192, Infernape, 0.002229426, 6.2855E-5, 5.1609E-7
8192, Leavanny, 0.002229426, 1.21666E-4, 5.4273E-7
8192, Swinub, 0.002229426, 6.7738E-5, 2.2189E-7
8192, Dewott, 0.002198015, 6.695E-5, 2.4517E-7
8192, Dragonite, 0.002198015, 6.3297E-5, 2.5383E-7
8192, Ambipom, 0.002198015, 8.0491E-5, 2.1305E-7
8192, Unfezant, 0.002198015, 7.3145E-5, 2.3053000000000001E-7
8192, Huntail, 0.002198015, 7.984E-5, 1.8632000000000002E-7
8192, Oshawott, 0.002276539, 7.3469E-5, 3.5790999999999995E-7
8192, DeoxysNormal Forme, 0.002276539, 4.9564E-5, 2.2615E-7
8192, Regirock, 0.002276539, 7.4082E-5, 2.0913000000000002E-7
8192, Typhlosion, 0.002276539, 5.0234E-5, 2.1205000000000002E-7
8192, Granbull, 0.002276539, 7.3236E-5, 2.1622E-7
8192, Samurott, 0.002206699, 7.4691E-5, 2.105E-7
8192, Minun, 0.002206699, 5.141E-5, 2.1341E-7
8192, Natu, 0.002206699, 4.4553E-5, 2.0743E-7
8192, DeoxysAttack Forme, 0.002206699, 4.3219E-5, 2.1205000000000002E-7
8192, Ariados, 0.002206699, 8.0431E-5, 2.4898E-7
8192, Dewott, 0.002375816, 6.8175E-5, 2.1678E-7
8192, Ekans, 0.002375816, 5.0825E-5, 1.8145E-7
8192, Electabuzz, 0.002375816, 4.9644E-5, 2.2758E-7
8192, BeedrillMega Beedrill, 0.002375816, 4.5798E-5, 2.2294E-7
8192, CharizardMega Charizard X, 0.002375816, 4.3519E-5, 1.6328E-7
8192, Pignite, 0.002184573, 7.9474E-5, 2.1005E-7
8192, Herdier, 0.002184573, 7.9126E-5, 2.2215E-7
8192, Octillery, 0.002184573, 6.1345E-5, 2.0044E-7
8192, Banette, 0.002184573, 7.8263E-5, 1.9066E-7
8192, Bibarel, 0.002184573, 8.2145E-5, 1.9716E-7
8192, Tepig, 0.002204995, 5.0746E-5, 1.9699E-7
8192, Stantler, 0.002204995, 7.4078E-5, 2.2396999999999999E-7
8192, Mime Jr., 0.002204995, 7.3784E-5, 2.0675000000000002E-7
8192, Luxray, 0.002204995, 6.6698E-5, 2.1208E-7
8192, Ho-oh, 0.002204995, 5.1193E-5, 2.1521E-7
8192, Emboar, 0.002200858, 6.7303E-5, 2.2365E-7
8192, Hitmonchan, 0.002200858, 5.0731E-5, 2.1325E-7
8192, Grumpig, 0.002200858, 8.0193E-5, 2.1623E-7
8192, Teddiursa, 0.002200858, 6.2455E-5, 2.205E-7
8192, Snubbull, 0.002200858, 7.9295E-5, 1.976E-7
8192, Pignite, 0.002473445, 8.1275E-5, 2.0964000000000002E-7
8192, HoundoomMega Houndoom, 0.002473445, 4.7158E-5, 2.076E-7
8192, Taillow, 0.002473445, 8.0746E-5, 1.9837E-7
8192, Nosepass, 0.002473445, 7.3821E-5, 2.0267E-7
8192, Kricketot, 0.002473445, 6.227E-5, 2.1800000000000002E-7
8192, Servine, 0.002317551, 8.0022E-5, 2.1580000000000001E-7
8192, Plusle, 0.002317551, 6.697E-5, 2.2139E-7
8192, Ninjask, 0.002317551, 1.01688E-4, 2.1308E-7
8192, Xatu, 0.002317551, 8.1366E-5, 2.0169999999999999E-7
8192, Smeargle, 0.002317551, 7.3837E-5, 2.1382E-7
8192, Snivy, 0.002310476, 5.1416E-5, 2.1398000000000001E-7
8192, Fearow, 0.002310476, 6.8105E-5, 1.9127000000000002E-7
8192, Elekid, 0.002310476, 6.7378E-5, 1.9074E-7
8192, Hitmontop, 0.002310476, 6.2743E-5, 2.2703E-7
8192, Tentacruel, 0.002310476, 4.9985E-5, 2.1256000000000002E-7
8192, Serperior, 0.002176838, 6.3092E-5, 2.0891E-7
8192, Simisage, 0.002176838, 7.476E-5, 2.2005000000000001E-7
8192, DeoxysDefense Forme, 0.002176838, 4.6295E-5, 2.0329000000000002E-7
8192, Mesprit, 0.002176838, 8.0486E-5, 2.0137E-7
8192, Nidoran♀, 0.002176838, 7.796E-5, 1.9346E-7
8192, Serperior, 0.002185159, 6.288E-5, 2.0934E-7
8192, Pidgeot, 0.002185159, 8.1583E-5, 1.99E-7
8192, Corphish, 0.002185159, 7.3521E-5, 2.226E-7
8192, Leavanny, 0.002185159, 7.3769E-5, 2.0642999999999998E-7
8192, Spiritomb, 0.002185159, 6.2426E-5, 2.1568E-7
8192, Arceus, 0.002459471, 6.7469E-5, 2.1152E-7
8192, Hitmonlee, 0.002459471, 6.2329E-5, 1.8743E-7
8192, Dusclops, 0.002459471, 7.6433E-5, 2.1172999999999998E-7
8192, Ambipom, 0.002459471, 7.9074E-5, 1.9196E-7
8192, Shiftry, 0.002459471, 7.9359E-5, 2.2356E-7
8192, ShayminSky Forme, 0.002191046, 4.345E-5, 1.8986E-7
8192, AmpharosMega Ampharos, 0.002191046, 4.6968E-5, 2.2002E-7
8192, Lairon, 0.002191046, 6.6933E-5, 2.1179E-7
8192, Oshawott, 0.002191046, 1.29044E-4, 4.2885E-7
8192, Tangela, 0.002191046, 1.10901E-4, 2.0582999999999998E-7
8192, Victini, 0.002320886, 8.1666E-5, 2.1569E-7
8192, Electrode, 0.002320886, 6.4068E-5, 2.1812E-7
8192, Croagunk, 0.002320886, 7.3431E-5, 2.1946E-7
8192, Pichu, 0.002320886, 5.096E-5, 2.1175E-7
8192, Tentacool, 0.002320886, 6.4451E-5, 2.0507E-7
8192, Victini, 0.002202693, 8.0888E-5, 2.1394E-7
8192, Jirachi, 0.002202693, 8.0577E-5, 2.1966E-7
8192, Kricketot, 0.002202693, 6.2852E-5, 2.1463E-7
8192, Salamence, 0.002202693, 6.2782E-5, 1.8131E-7
8192, Taillow, 0.002202693, 8.3861E-5, 2.0134999999999999E-7
8192, Porygon-Z, 0.002336305, 1.24121E-4, 5.555E-7
8192, Ursaring, 0.002336305, 1.19342E-4, 2.0052E-7
8192, Bidoof, 0.002336305, 6.7471E-5, 2.1985999999999998E-7
8192, Mantyke, 0.002336305, 8.0852E-5, 2.1793999999999998E-7
8192, Sunflora, 0.002336305, 7.3833E-5, 2.1747E-7
8192, Porygon-Z, 0.002209988, 6.2749E-5, 2.0781E-7
8192, Victini, 0.002209988, 8.4487E-5, 2.0806999999999998E-7
8192, Persian, 0.002209988, 8.0142E-5, 2.0040000000000002E-7
8192, Cloyster, 0.002209988, 7.4143E-5, 2.2445E-7
8192, Sunkern, 0.002209988, 7.9673E-5, 2.0818E-7
8192, GalladeMega Gallade, 0.002192727, 4.6799E-5, 2.0605E-7
8192, Regice, 0.002192727, 6.7342E-5, 2.1265000000000001E-7
8192, Pignite, 0.002192727, 8.0648E-5, 2.0183999999999999E-7
8192, Spoink, 0.002192727, 6.7088E-5, 2.0203999999999997E-7
8192, Dwebble, 0.002192727, 8.0293E-5, 2.0301000000000002E-7
8192, Gallade, 0.002193722, 7.9621E-5, 2.2122E-7
8192, Manaphy, 0.002193722, 8.3825E-5, 2.088E-7
8192, Skorupi, 0.002193722, 7.9827E-5, 2.1403000000000002E-7
8192, Bidoof, 0.002193722, 6.6154E-5, 2.2013999999999998E-7
8192, Maractus, 0.002193722, 7.368E-5, 2.0572E-7
16384, Bulbasaur_0, 0.005266171, 1.02622E-4, 2.2428E-7
16384, Kyogre, 0.005266171, 1.24519E-4, 2.2499E-7
16384, Chansey_0, 0.005266171, 1.41924E-4, 2.3241999999999999E-7
16384, Steelix_0, 0.005266171, 1.40714E-4, 2.1891000000000002E-7
16384, Turtwig, 0.005266171, 1.47878E-4, 2.1310000000000002E-7
16384, HoopaHoopa Unbound, 0.005024801, 1.13068E-4, 2.3643E-7
16384, Unown, 0.005024801, 1.02296E-4, 1.9582999999999997E-7
16384, Beedrill, 0.005024801, 1.47356E-4, 2.326E-7
16384, SteelixMega Steelix_0, 0.005024801, 9.7899E-5, 2.7679E-7
16384, Snubbull_0, 0.005024801, 1.20381E-4, 2.2113999999999998E-7
16384, VenusaurMega Venusaur_0, 0.004986503, 9.7742E-5, 2.4866E-7
16384, Espeon_0, 0.004986503, 1.48409E-4, 2.3716000000000001E-7
16384, HoundoomMega Houndoom_0, 0.004986503, 1.0121E-4, 2.3461E-7
16384, Hypno, 0.004986503, 1.01988E-4, 2.2937E-7
16384, Ducklett, 0.004986503, 1.47687E-4, 2.3109E-7
16384, Ivysaur_0, 0.004992573, 1.41563E-4, 2.1172999999999998E-7
16384, MeloettaPirouette Forme, 0.004992573, 9.8186E-5, 2.3653E-7
16384, Vaporeon, 0.004992573, 1.46737E-4, 2.2755000000000002E-7
16384, Krabby, 0.004992573, 1.24331E-4, 2.3404000000000002E-7
16384, Walrein, 0.004992573, 1.46903E-4, 2.184E-7
16384, Zygarde50% Forme, 0.005079133, 9.4078E-5, 2.3058E-7
16384, Gallade, 0.005079133, 1.475E-4, 2.3051E-7
16384, Spoink_0, 0.005079133, 1.48505E-4, 2.2848E-7
16384, Golduck, 0.005079133, 1.50161E-4, 2.1343E-7
16384, Magcargo, 0.005079133, 2.52874E-4, 5.6335E-7
16384, Yveltal, 0.005247975, 1.46766E-4, 2.2693E-7
16384, Heracross, 0.005247975, 1.41888E-4, 1.9001999999999998E-7
16384, Geodude, 0.005247975, 1.4633E-4, 2.2015E-7
16384, Hoothoot_0, 0.005247975, 1.20022E-4, 2.2708E-7
16384, Zangoose_0, 0.005247975, 1.19473E-4, 2.1798E-7
16384, HoopaHoopa Confined, 0.005222717, 1.03597E-4, 2.4477E-7
16384, Granbull_0, 0.005222717, 1.20413E-4, 2.2946E-7
16384, Marowak, 0.005222717, 1.51689E-4, 2.2728E-7
16384, Slaking, 0.005222717, 1.47777E-4, 2.3504000000000002E-7
16384, PumpkabooSuper Size, 0.005222717, 9.8089E-5, 2.2013E-7
16384, Diancie, 0.005007499, 1.52633E-4, 2.4025E-7
16384, Fletchinder, 0.005007499, 2.03687E-4, 4.5843E-7
16384, Magneton_0, 0.005007499, 1.69823E-4, 2.3268000000000002E-7
16384, Psyduck, 0.005007499, 1.4772E-4, 2.3175000000000002E-7
16384, Butterfree_0, 0.005007499, 9.5811E-5, 2.272E-7
16384, Bergmite, 0.00533792, 1.48064E-4, 2.252E-7
16384, Dialga, 0.00533792, 1.28792E-4, 2.1356000000000001E-7
16384, Serperior, 0.00533792, 1.41407E-4, 2.1719999999999999E-7
16384, Lugia, 0.00533792, 1.02277E-4, 2.015E-7
16384, Armaldo, 0.00533792, 1.46959E-4, 1.9725E-7
16384, GourgeistSuper Size, 0.004999565, 9.8853E-5, 2.3815000000000002E-7
16384, MedichamMega Medicham, 0.004999565, 9.8168E-5, 2.1496E-7
16384, Rattata_0, 0.004999565, 1.40427E-4, 2.4581E-7
16384, Butterfree, 0.004999565, 1.19409E-4, 2.1396999999999998E-7
16384, Metang, 0.004999565, 1.23886E-4, 2.2107E-7
16384, Noivern, 0.005386003, 1.50594E-4, 2.2587E-7
16384, Spearow, 0.005386003, 1.5056E-4, 2.3684E-7
16384, Dugtrio_0, 0.005386003, 3.03824E-4, 4.0306999999999997E-7
16384, Noctowl_0, 0.005386003, 2.39333E-4, 2.3385E-7
16384, Ekans, 0.005386003, 1.00723E-4, 2.1393E-7
16384, Noibat, 0.00525321, 1.23977E-4, 1.8927999999999998E-7
16384, Nidoqueen_0, 0.00525321, 1.01384E-4, 2.3063E-7
16384, Skitty_0, 0.00525321, 1.50977E-4, 2.2540000000000002E-7
16384, Tyranitar, 0.00525321, 1.40841E-4, 2.2346E-7
16384, Scrafty, 0.00525321, 1.47541E-4, 2.1994999999999998E-7
16384, PumpkabooLarge Size, 0.005175808, 9.7548E-5, 1.9927E-7
16384, Deerling, 0.005175808, 1.46157E-4, 2.32E-7
16384, Xerneas, 0.005175808, 1.4496E-4, 2.1656999999999999E-7
16384, Gligar, 0.005175808, 1.22855E-4, 2.2967E-7
16384, Diancie, 0.005175808, 1.45736E-4, 2.3836999999999998E-7
16384, PumpkabooSmall Size, 0.005096962, 9.7837E-5, 2.3668E-7
16384, Wailmer, 0.005096962, 1.48385E-4, 2.2082999999999997E-7
16384, Miltank_0, 0.005096962, 1.44278E-4, 2.3658E-7
16384, Steelix, 0.005096962, 1.46687E-4, 2.4179E-7
16384, Wobbuffet, 0.005096962, 1.40353E-4, 2.0665E-7
16384, GourgeistSmall Size, 0.005184601, 1.00858E-4, 2.0432E-7
16384, Clefable, 0.005184601, 1.4818E-4, 2.3433E-7
16384, Dustox_0, 0.005184601, 1.46763E-4, 2.2084E-7
16384, Weedle, 0.005184601, 1.2358E-4, 2.4113E-7
16384, Jumpluff_0, 0.005184601, 1.19493E-4, 2.0596E-7
16384, GourgeistAverage Size, 0.00503142, 9.8846E-5, 2.3007E-7
16384, Lickitung_0, 0.00503142, 1.21496E-4, 4.3081000000000003E-7
16384, Larvesta, 0.00503142, 1.87913E-4, 2.341E-7
16384, Jynx_0, 0.00503142, 1.24077E-4, 2.1257E-7
16384, Clawitzer, 0.00503142, 1.40816E-4, 2.4281E-7
16384, PidgeotMega Pidgeot_0, 0.005296011, 1.04035E-4, 2.5939E-7
16384, Hitmonchan, 0.005296011, 1.20428E-4, 2.1793E-7
16384, GardevoirMega Gardevoir, 0.005296011, 9.6266E-5, 2.3669E-7
16384, Spinda_0, 0.005296011, 1.51306E-4, 2.4507E-7
16384, Rattata_0, 0.005296011, 2.19574E-4, 2.4767E-7
16384, Pidgeot_0, 0.005451023, 1.4148E-4, 2.4497E-7
16384, Marshtomp_0, 0.005451023, 1.02372E-4, 2.3988E-7
16384, Clamperl, 0.005451023, 1.47546E-4, 1.9534999999999999E-7
16384, Trapinch_0, 0.005451023, 1.79531E-4, 3.9965E-7
16384, Togekiss, 0.005451023, 1.47346E-4, 2.3954000000000004E-7
16384, Spearow_0, 0.005271937, 1.47408E-4, 2.2908E-7
16384, Reshiram, 0.005271937, 1.48085E-4, 1.9709999999999998E-7
16384, Grotle, 0.005271937, 1.24068E-4, 2.0129E-7
16384, Larvesta, 0.005271937, 1.48071E-4, 2.3476E-7
16384, Magmar, 0.005271937, 1.2473E-4, 2.1714E-7
16384, Raticate_0, 0.005310437, 1.20655E-4, 2.2209E-7
16384, Beldum, 0.005310437, 1.24419E-4, 2.7535E-7
16384, Nidorino, 0.005310437, 2.08139E-4, 2.3723999999999997E-7
16384, Remoraid, 0.005310437, 1.47021E-4, 2.3708E-7
16384, Larvitar_0, 0.005310437, 1.19286E-4, 2.2591000000000002E-7
16384, Kakuna_0, 0.005256461, 1.48102E-4, 2.3886E-7
16384, Forretress, 0.005256461, 1.20299E-4, 2.2852E-7
16384, Heatran, 0.005256461, 1.4664E-4, 2.2801000000000001E-7
16384, AmpharosMega Ampharos, 0.005256461, 1.02284E-4, 2.1083000000000002E-7
16384, GengarMega Gengar_0, 0.005256461, 9.8204E-5, 2.3390000000000002E-7
16384, Weedle_0, 0.005008669, 1.48055E-4, 2.4448000000000003E-7
16384, Seedot_0, 0.005008669, 1.50945E-4, 2.2517000000000002E-7
16384, Gulpin_0, 0.005008669, 1.50399E-4, 2.2371E-7
16384, Slaking_0, 0.005008669, 1.41083E-4, 2.2596E-7
16384, Klang, 0.005008669, 1.00265E-4, 2.1924E-7
16384, Pidgey_0, 0.005167092, 1.47348E-4, 2.3808E-7
16384, GourgeistLarge Size, 0.005167092, 9.8869E-5, 2.4183E-7
16384, Charizard, 0.005167092, 1.40614E-4, 2.1035999999999999E-7
16384, Kabutops, 0.005167092, 1.79701E-4, 3.9619999999999996E-7
16384, Blaziken, 0.005167092, 1.48109E-4, 2.1935E-7
16384, BeedrillMega Beedrill_0, 0.00512252, 9.8163E-5, 2.3794E-7
16384, Rayquaza, 0.00512252, 1.48253E-4, 2.081E-7
16384, Sceptile, 0.00512252, 1.47034E-4, 2.1847E-7
16384, Krabby_0, 0.00512252, 1.463E-4, 2.0477999999999998E-7
16384, Nidoran♂, 0.00512252, 1.47935E-4, 2.0868E-7
16384, BlastoiseMega Blastoise_0, 0.005275407, 9.5215E-5, 1.9727E-7
16384, Ursaring, 0.005275407, 1.47503E-4, 2.2589999999999998E-7
16384, Vigoroth_0, 0.005275407, 1.2453E-4, 2.1871E-7
16384, Relicanth, 0.005275407, 1.41431E-4, 2.2145E-7
16384, Skarmory_0, 0.005275407, 1.19922E-4, 2.416E-7
16384, Wartortle_0, 0.00523431, 1.02411E-4, 2.1268E-7
16384, Pikachu, 0.00523431, 1.48641E-4, 2.401E-7
16384, Wooper, 0.00523431, 1.24229E-4, 2.2008999999999998E-7
16384, Omastar, 0.00523431, 1.47543E-4, 2.3797E-7
16384, Charmander_0, 0.00523431, 9.5846E-5, 2.1664E-7
16384, Butterfree_0, 0.005212131, 9.6276E-5, 2.3182E-7
16384, Doduo_0, 0.005212131, 1.47582E-4, 2.7471E-7
16384, Octillery, 0.005212131, 1.79065E-4, 2.2929E-7
16384, Nincada_0, 0.005212131, 1.42862E-4, 2.2117E-7
16384, LatiosMega Latios, 0.005212131, 9.374E-5, 2.2201E-7
16384, Caterpie_0, 0.005125989, 1.20713E-4, 2.267E-7
16384, Palpitoad, 0.005125989, 1.41796E-4, 2.2107E-7
16384, Girafarig_0, 0.005125989, 1.01824E-4, 2.3161E-7
16384, Golduck_0, 0.005125989, 1.41098E-4, 2.2906000000000001E-7
16384, Hitmonchan, 0.005125989, 1.19711E-4, 2.1725E-7
16384, Charizard_0, 0.005097401, 1.00649E-4, 1.7557E-7
16384, Bagon, 0.005097401, 1.0111E-4, 2.4187E-7
16384, Hoothoot, 0.005097401, 1.47827E-4, 1.7495000000000001E-7
16384, Metapod_0, 0.005097401, 1.39399E-4, 2.1443000000000002E-7
16384, Weedle, 0.005097401, 1.22614E-4, 2.4203E-7
16384, Charmander_0, 0.005035284, 9.6305E-5, 2.215E-7
16384, Wigglytuff, 0.005035284, 1.21187E-4, 1.8448999999999998E-7
16384, Aerodactyl_0, 0.005035284, 9.5786E-5, 2.2941E-7
16384, Spinda, 0.005035284, 1.24768E-4, 2.2921999999999998E-7
16384, Golem_0, 0.005035284, 1.47785E-4, 2.4092E-7
16384, Squirtle_0, 0.004983232, 1.26809E-4, 2.3387000000000002E-7
16384, Krabby_0, 0.004983232, 1.47781E-4, 2.0552E-7
16384, Lanturn_0, 0.004983232, 1.40689E-4, 2.2104999999999998E-7
16384, Tyranitar_0, 0.004983232, 1.01653E-4, 2.3215E-7
16384, Hippopotas, 0.004983232, 1.19439E-4, 2.1060000000000002E-7
16384, CharizardMega Charizard X_0, 0.005310209, 9.3607E-5, 2.4909E-7
16384, Virizion, 0.005310209, 1.47187E-4, 2.3105999999999998E-7
16384, Mudkip_0, 0.005310209, 1.45761E-4, 2.1793999999999998E-7
16384, TyranitarMega Tyranitar_0, 0.005310209, 9.2993E-5, 2.1226999999999998E-7
16384, Smoochum, 0.005310209, 1.4672E-4, 2.3713E-7
16384, Aromatisse, 0.005105117, 1.22111E-4, 2.2645000000000002E-7
16384, Chikorita_0, 0.005105117, 1.02947E-4, 2.16E-7
16384, Ambipom, 0.005105117, 1.47834E-4, 2.4209E-7
16384, Ludicolo, 0.005105117, 1.47208E-4, 2.2076999999999998E-7
16384, GardevoirMega Gardevoir_0, 0.005105117, 9.4297E-5, 2.0328E-7
16384, AegislashShield Forme, 0.004997384, 9.802E-5, 2.3736E-7
16384, Axew, 0.004997384, 9.7637E-5, 2.2480000000000003E-7
16384, Florges, 0.004997384, 1.47141E-4, 2.0507E-7
16384, Seedot, 0.004997384, 2.72486E-4, 7.6359E-7
16384, Poliwag_0, 0.004997384, 1.72747E-4, 2.985E-7
16384, Inkay, 0.006049007, 1.23605E-4, 2.6512E-7
16384, Flygon, 0.006049007, 1.55617E-4, 2.6358E-7
16384, Hawlucha, 0.006049007, 1.78279E-4, 2.6889E-7
16384, Aipom_0, 0.006049007, 1.77179E-4, 2.3036E-7
16384, Chingling, 0.006049007, 1.70948E-4, 2.6896E-7
16384, Swirlix, 0.006028985, 1.7895E-4, 2.953E-7
16384, Farfetch'd, 0.006028985, 1.49341E-4, 2.6514E-7
16384, Skiploom, 0.006028985, 1.79372E-4, 2.8735E-7
16384, Darkrai, 0.006028985, 1.77536E-4, 2.701E-7
16384, Magnezone, 0.006028985, 1.93516E-4, 1.942E-7
16384, MeowsticFemale, 0.006067649, 1.13291E-4, 2.6245E-7
16384, Spinarak_0, 0.006067649, 1.45925E-4, 2.6888E-7
16384, Zekrom, 0.006067649, 1.50679E-4, 2.6103E-7
16384, Croagunk, 0.006067649, 1.78686E-4, 2.9192000000000004E-7
16384, Victreebel, 0.006067649, 1.45753E-4, 2.0845000000000002E-7
16384, MeowsticMale, 0.005676698, 1.03328E-4, 2.5301999999999997E-7
16384, Goodra, 0.005676698, 1.33684E-4, 2.4649000000000003E-7
16384, Slakoth, 0.005676698, 1.57358E-4, 2.4738E-7
16384, Phanpy, 0.005676698, 1.35931E-4, 2.5082E-7
16384, Magmar, 0.005676698, 1.32545E-4, 2.3056000000000002E-7
16384, AegislashBlade Forme, 0.005118582, 8.7808E-5, 2.1041000000000002E-7
16384, Floatzel, 0.005118582, 1.39731E-4, 2.0679999999999997E-7
16384, Typhlosion, 0.005118582, 1.12653E-4, 1.8099E-7
16384, Vulpix, 0.005118582, 1.16552E-4, 2.1333000000000002E-7
16384, Shellder_0, 0.005118582, 1.82188E-4, 2.876E-7
16384, Doublade, 0.005223009, 1.41436E-4, 2.1587E-7
16384, Typhlosion, 0.005223009, 1.17322E-4, 1.8226000000000002E-7
16384, Prinplup, 0.005223009, 1.40364E-4, 2.3156999999999998E-7
16384, Ninetales, 0.005223009, 1.34192E-4, 2.1871E-7
16384, Loudred, 0.005223009, 1.38873E-4, 2.2015E-7
16384, Gogoat, 0.005084362, 1.1788E-4, 2.2685E-7
16384, Numel_0, 0.005084362, 1.40085E-4, 2.0964000000000002E-7
16384, BlazikenMega Blaziken, 0.005084362, 9.2616E-5, 2.1358E-7
16384, Lunatone_0, 0.005084362, 1.12786E-4, 1.9133E-7
16384, Garchomp, 0.005084362, 1.38508E-4, 2.0747E-7
16384, Skiddo, 0.004868661, 1.17435E-4, 2.1616E-7
16384, Noivern, 0.004868661, 1.39289E-4, 2.1028E-7
16384, Crawdaunt, 0.004868661, 1.32971E-4, 2.1821999999999998E-7
16384, WormadamPlant Cloak, 0.004868661, 9.1892E-5, 1.9105E-7
16384, Zigzagoon_0, 0.004868661, 9.492E-5, 2.0225999999999999E-7
16384, Furfrou, 0.004993871, 1.46221E-4, 2.1665999999999998E-7
16384, Chingling, 0.004993871, 1.34107E-4, 2.1060000000000002E-7
16384, Bagon, 0.004993871, 1.19256E-4, 2.2405E-7
16384, Donphan, 0.004993871, 2.60514E-4, 2.3539E-7
16384, TornadusIncarnate Forme, 0.004993871, 9.7443E-5, 4.6529E-7
16384, Pangoro, 0.004818729, 1.42525E-4, 2.0878E-7
16384, Torchic, 0.004818729, 1.39652E-4, 2.0983E-7
16384, Cubchoo, 0.004818729, 1.58816E-4, 2.3598E-7
16384, Seviper_0, 0.004818729, 1.59974E-4, 2.3067000000000001E-7
16384, Mothim, 0.004818729, 1.17623E-4, 2.2005000000000001E-7
16384, Litleo, 0.00472797, 1.21215E-4, 2.0383000000000002E-7
16384, Slowbro, 0.00472797, 1.40137E-4, 2.1343E-7
16384, Volbeat, 0.00472797, 1.39503E-4, 2.1501E-7
16384, Sunkern, 0.00472797, 1.4285E-4, 2.1699E-7
16384, Shiftry, 0.00472797, 1.40207E-4, 2.0210000000000002E-7
16384, Vivillon, 0.0050586, 1.38972E-4, 2.1112E-7
16384, Mewtwo_0, 0.0050586, 1.39627E-4, 2.4839E-7
16384, Loudred_0, 0.0050586, 1.76997E-4, 1.9681E-7
16384, Elgyem, 0.0050586, 1.16934E-4, 2.2386E-7
16384, Meowth, 0.0050586, 1.16699E-4, 2.0876000000000002E-7
16384, Floette, 0.004807652, 1.41446E-4, 2.1857E-7
16384, Woobat, 0.004807652, 1.18888E-4, 2.2017E-7
16384, Wailmer_0, 0.004807652, 1.37352E-4, 2.2026E-7
16384, WormadamSandy Cloak, 0.004807652, 9.4293E-5, 2.2035E-7
16384, Jigglypuff_0, 0.004807652, 1.28524E-4, 2.1106E-7
16384, Flabébé, 0.004740768, 1.39595E-4, 2.0453E-7
16384, Cascoon, 0.004740768, 1.39456E-4, 2.1427E-7
16384, Houndoom, 0.004740768, 1.42698E-4, 2.2538999999999998E-7
16384, Aipom, 0.004740768, 2.84405E-4, 9.3603E-7
16384, Weepinbell_0, 0.004740768, 1.40115E-4, 2.5197E-7
16384, Goodra, 0.005069586, 1.21129E-4, 2.2162E-7
16384, Greninja, 0.005069586, 1.3942E-4, 2.2235E-7
16384, Qwilfish_0, 0.005069586, 1.12621E-4, 1.9511E-7
16384, DeoxysDefense Forme, 0.005069586, 9.2114E-5, 1.9905E-7
16384, Sewaddle, 0.005069586, 1.39873E-4, 2.2445E-7
16384, Sliggoo, 0.004741656, 1.38824E-4, 2.2322E-7
16384, Bastiodon, 0.004741656, 1.32936E-4, 1.9567E-7
16384, Zoroark, 0.004741656, 1.39015E-4, 2.0971999999999997E-7
16384, Turtwig, 0.004741656, 1.39139E-4, 2.0441E-7
16384, Trapinch, 0.004741656, 1.39099E-4, 2.2731E-7
16384, Trevenant, 0.005064313, 1.32192E-4, 2.2489E-7
16384, Jolteon, 0.005064313, 1.38368E-4, 2.112E-7
16384, Eelektross, 0.005064313, 1.11393E-4, 2.1644000000000002E-7
16384, Plusle_0, 0.005064313, 1.3846E-4, 2.1262E-7
16384, Carvanha_0, 0.005064313, 1.15102E-4, 2.0593000000000002E-7
16384, Phantump, 0.005130184, 1.39117E-4, 2.2789E-7
16384, Gligar_0, 0.005130184, 1.39097E-4, 2.0129999999999998E-7
16384, Barbaracle, 0.005130184, 1.16516E-4, 2.1605E-7
16384, Minun_0, 0.005130184, 1.38029E-4, 2.0415E-7
16384, CharizardMega Charizard X, 0.005130184, 8.7605E-5, 2.4024E-7
16384, Hawlucha, 0.00512486, 2.53309E-4, 2.1318E-7
16384, Sandshrew_0, 0.00512486, 9.6737E-5, 2.1724E-7
16384, Sewaddle, 0.00512486, 1.39651E-4, 2.2599000000000003E-7
16384, Seedot_0, 0.00512486, 1.39663E-4, 2.0965999999999999E-7
16384, Pangoro, 0.00512486, 1.39946E-4, 2.0446E-7
16384, Aurorus, 0.004833267, 1.39538E-4, 2.1492999999999998E-7
16384, Gastrodon, 0.004833267, 1.34834E-4, 2.2337E-7
16384, Zweilous, 0.004833267, 1.38668E-4, 2.0695E-7
16384, Shuppet, 0.004833267, 1.39612E-4, 2.2809000000000003E-7
16384, Sliggoo, 0.004833267, 1.38923E-4, 2.1889E-7
16384, Carbink, 0.004723193, 1.43372E-4, 2.2574E-7
16384, Dragonite, 0.004723193, 1.34527E-4, 2.219E-7
16384, Bunnelby, 0.004723193, 1.39374E-4, 1.9533000000000002E-7
16384, Noctowl, 0.004723193, 1.39086E-4, 2.245E-7
16384, Chimecho, 0.004723193, 1.39556E-4, 2.2694999999999998E-7
16384, Dedenne, 0.005192872, 1.40606E-4, 2.2112E-7
16384, Slugma_0, 0.005192872, 1.39709E-4, 2.1254999999999998E-7
16384, Ampharos_0, 0.005192872, 1.131E-4, 2.0895E-7
16384, Ledyba, 0.005192872, 1.17131E-4, 2.2433999999999998E-7
16384, Chinchou_0, 0.005192872, 1.57169E-4, 2.1885E-7
16384, Heliolisk, 0.004743298, 1.34752E-4, 2.1052E-7
16384, Zubat_0, 0.004743298, 1.38407E-4, 1.9603E-7
16384, Tynamo, 0.004743298, 1.1671E-4, 2.1476E-7
16384, Jynx, 0.004743298, 8.8215E-5, 2.1016999999999998E-7
16384, Spinda_0, 0.004743298, 1.42735E-4, 2.3278E-7
16384, Clawitzer, 0.004962188, 1.33685E-4, 2.335E-7
16384, Swanna, 0.004962188, 1.45056E-4, 3.3842E-7
16384, TyranitarMega Tyranitar, 0.004962188, 9.1603E-5, 2.2349E-7
16384, Phanpy_0, 0.004962188, 1.38693E-4, 2.1511000000000003E-7
16384, Unfezant, 0.004962188, 1.37998E-4, 2.0841E-7
16384, Amaura, 0.004986301, 1.6746E-4, 2.1585000000000002E-7
16384, Sentret, 0.004986301, 1.40278E-4, 2.0838E-7
16384, MewtwoMega Mewtwo X_0, 0.004986301, 9.2987E-5, 1.8723E-7
16384, Banette, 0.004986301, 1.4068E-4, 2.1954999999999998E-7
16384, AmpharosMega Ampharos, 0.004986301, 9.275E-5, 2.0087E-7
16384, Tyrunt, 0.004762778, 1.20595E-4, 1.9332E-7
16384, Volbeat_0, 0.004762778, 1.33038E-4, 1.8816E-7
16384, Purrloin, 0.004762778, 1.38551E-4, 2.0174E-7
16384, Scyther, 0.004762778, 1.38491E-4, 1.8711E-7
16384, Sableye_0, 0.004762778, 1.32345E-4, 2.2564E-7
16384, Barbaracle, 0.00504644, 1.12661E-4, 2.1982000000000002E-7
16384, Kabutops_0, 0.00504644, 1.12247E-4, 2.27E-7
16384, Ursaring, 0.00504644, 1.38494E-4, 2.1055000000000002E-7
16384, Volbeat, 0.00504644, 1.3863E-4, 2.1471000000000002E-7
16384, MewtwoMega Mewtwo Y_0, 0.00504644, 9.1875E-5, 2.1880999999999999E-7
16384, Malamar, 0.004704522, 1.46054E-4, 2.128E-7
16384, Joltik, 0.004704522, 1.18201E-4, 2.1745E-7
16384, Croagunk, 0.004704522, 1.39145E-4, 2.2897000000000002E-7
16384, Magnemite, 0.004704522, 1.352E-4, 2.3058E-7
16384, Braixen, 0.004704522, 1.38869E-4, 2.2228E-7
16384, Clauncher, 0.004947025, 1.34883E-4, 2.2002E-7
16384, Mudkip, 0.004947025, 1.18445E-4, 2.151E-7
16384, RotomFan Rotom, 0.004947025, 8.8052E-5, 1.9592000000000002E-7
16384, Conkeldurr, 0.004947025, 1.13971E-4, 2.134E-7
16384, ManectricMega Manectric, 0.004947025, 9.1509E-5, 2.3103E-7
16384, Skrelp, 0.004885835, 1.18554E-4, 1.9224E-7
16384, Spoink_0, 0.004885835, 1.40594E-4, 2.1580000000000001E-7
16384, VenusaurMega Venusaur_0, 0.004885835, 9.2521E-5, 2.3141E-7
16384, Minun, 0.004885835, 9.6974E-5, 2.2617E-7
16384, Cloyster, 0.004885835, 1.40003E-4, 2.2947E-7
16384, Reshiram, 0.004748055, 1.39385E-4, 1.9162000000000002E-7
16384, Shelgon, 0.004748055, 1.40282E-4, 2.1984000000000002E-7
16384, Pidgeotto, 0.004748055, 1.33587E-4, 2.1764E-7
16384, BlazikenMega Blaziken, 0.004748055, 9.2909E-5, 2.1391E-7
16384, Oddish, 0.004748055, 1.16745E-4, 2.1291999999999998E-7
16384, ThundurusIncarnate Forme, 0.005248319, 9.6494E-5, 2.122E-7
16384, Wigglytuff, 0.005248319, 1.14004E-4, 1.717E-7
16384, HoopaHoopa Confined, 0.005248319, 9.2778E-5, 2.2596E-7
16384, Florges, 0.005248319, 1.84009E-4, 1.9610000000000002E-7
16384, Noctowl_0, 0.005248319, 1.33281E-4, 2.2149E-7
16384, LandorusTherian Forme, 0.00529782, 1.04843E-4, 2.6485E-7
16384, Krabby_0, 0.00529782, 1.56978E-4, 2.2008999999999998E-7
16384, Arbok_0, 0.00529782, 1.55564E-4, 2.3858E-7
16384, RotomHeat Rotom, 0.00529782, 9.8792E-5, 2.4818E-7
16384, Conkeldurr, 0.00529782, 1.2726E-4, 2.3959E-7
16384, Zekrom, 0.005423465, 1.32586E-4, 2.3074E-7
16384, TornadusIncarnate Forme, 0.005423465, 1.06621E-4, 2.5298000000000003E-7
16384, KangaskhanMega Kangaskhan_0, 0.005423465, 9.9212E-5, 2.1058E-7
16384, PidgeotMega Pidgeot, 0.005423465, 1.43904E-4, 2.0819E-7
16384, Weedle, 0.005423465, 1.36028E-4, 2.5676E-7
16384, Terrakion, 0.005341314, 1.49801E-4, 2.3294000000000002E-7
16384, Kyogre, 0.005341314, 1.31185E-4, 2.3668E-7
16384, Heliolisk, 0.005341314, 1.4901E-4, 2.3227E-7
16384, Sneasel, 0.005341314, 1.55384E-4, 2.433E-7
16384, Natu, 0.005341314, 9.8897E-5, 2.3611000000000001E-7
16384, Cobalion, 0.005301575, 1.6047E-4, 2.418E-7
16384, Wobbuffet, 0.005301575, 1.48985E-4, 2.1742E-7
16384, Sneasel_0, 0.005301575, 1.49067E-4, 2.2589E-7
16384, Durant, 0.005301575, 1.31134E-4, 1.9603E-7
16384, PumpkabooSuper Size, 0.005301575, 1.32281E-4, 5.2938E-7
16384, TornadusTherian Forme, 0.005336955, 1.09845E-4, 2.4562E-7
16384, Umbreon_0, 0.005336955, 1.54376E-4, 2.2295E-7
16384, Larvitar_0, 0.005336955, 1.27103E-4, 2.4148E-7
16384, Bonsly, 0.005336955, 1.31492E-4, 2.364E-7
16384, Walrein, 0.005336955, 1.55731E-4, 2.3101E-7
16384, TornadusIncarnate Forme, 0.005298473, 1.01302E-4, 2.5546E-7
16384, MeloettaPirouette Forme, 0.005298473, 1.01428E-4, 2.5262E-7
16384, Vibrava_0, 0.005298473, 1.48457E-4, 2.3329E-7
16384, Mime Jr., 0.005298473, 1.58167E-4, 2.38E-7
16384, Turtwig, 0.005298473, 1.55257E-4, 2.3008E-7
16384, Deino, 0.005085646, 9.4924E-5, 2.1104999999999997E-7
16384, Gallade, 0.005085646, 1.38185E-4, 2.1676000000000002E-7
16384, Sudowoodo_0, 0.005085646, 9.4973E-5, 2.2802999999999998E-7
16384, Starly, 0.005085646, 1.16851E-4, 2.1698E-7
16384, Zangoose_0, 0.005085646, 1.13072E-4, 2.0631E-7
16384, Durant, 0.004962091, 1.15731E-4, 1.8074E-7
16384, Heracross, 0.004962091, 1.32902E-4, 1.7948000000000002E-7
16384, Turtwig, 0.004962091, 1.37792E-4, 2.0472999999999998E-7
16384, Cleffa, 0.004962091, 1.15689E-4, 2.141E-7
16384, Ekans, 0.004962091, 9.7982E-5, 2.0375E-7
16384, Larvesta, 0.00487163, 1.40055E-4, 2.2492E-7
16384, Granbull_0, 0.00487163, 1.13817E-4, 2.1756E-7
16384, Mawile_0, 0.00487163, 1.40395E-4, 2.2245E-7
16384, Deino, 0.00487163, 9.5415E-5, 2.0630000000000001E-7
16384, Butterfree_0, 0.00487163, 9.3358E-5, 2.1402E-7
16384, Hydreigon, 0.004963341, 1.35291E-4, 1.9704E-7
16384, Talonflame, 0.004963341, 1.14225E-4, 2.1379E-7
16384, Hitmonlee, 0.004963341, 1.33832E-4, 2.2711E-7
16384, Empoleon, 0.004963341, 1.38769E-4, 2.0928E-7
16384, Panpour, 0.004963341, 1.45302E-4, 2.208E-7
16384, Rufflet, 0.004737378, 1.39128E-4, 1.7925E-7
16384, Palkia, 0.004737378, 1.17757E-4, 2.0105000000000002E-7
16384, Simisear, 0.004737378, 1.39559E-4, 1.8135E-7
16384, Escavalier, 0.004737378, 1.13682E-4, 2.1420000000000003E-7
16384, Metang, 0.004737378, 1.16903E-4, 2.4436E-7
16384, Bouffalant, 0.005080781, 1.12998E-4, 2.0860999999999999E-7
16384, Electrike, 0.005080781, 1.32557E-4, 2.1590000000000002E-7
16384, Litwick, 0.005080781, 1.3837E-4, 2.1504E-7
16384, Glalie, 0.005080781, 1.20219E-4, 2.256E-7
16384, Quilava, 0.005080781, 2.25657E-4, 2.0776E-7
16384, Mandibuzz, 0.004750154, 1.33661E-4, 2.3016000000000002E-7
16384, Fearow, 0.004750154, 1.15016E-4, 1.9499E-7
16384, Terrakion, 0.004750154, 1.31757E-4, 2.0460000000000002E-7
16384, GengarMega Gengar_0, 0.004750154, 9.4098E-5, 2.2368E-7
16384, Moltres_0, 0.004750154, 1.3092E-4, 2.1513E-7
16384, Vullaby, 0.005173047, 1.39742E-4, 1.9751E-7
16384, Nidoqueen_0, 0.005173047, 1.25945E-4, 3.7102E-7
16384, Meganium_0, 0.005173047, 1.13241E-4, 2.2374E-7
16384, Emolga, 0.005173047, 1.16854E-4, 2.1767E-7
16384, Armaldo, 0.005173047, 1.39617E-4, 1.8583000000000002E-7
16384, Fletchling, 0.004905496, 1.1639E-4, 4.1599E-7
16384, Gengar, 0.004905496, 1.33968E-4, 2.1900000000000002E-7
16384, Zigzagoon_0, 0.004905496, 9.5631E-5, 2.0469E-7
16384, Dragonair, 0.004905496, 1.32841E-4, 1.7949999999999999E-7
16384, Starly, 0.004905496, 1.16685E-4, 2.1998E-7
16384, Diggersby, 0.004731215, 1.5385E-4, 2.4626000000000004E-7
16384, Furret_0, 0.004731215, 1.45176E-4, 2.1911E-7
16384, Ariados, 0.004731215, 1.39011E-4, 2.0421999999999999E-7
16384, Dragonite, 0.004731215, 1.33956E-4, 2.2180000000000001E-7
16384, Drifloon, 0.004731215, 1.39054E-4, 2.1303E-7
16384, Scatterbug, 0.005190517, 1.13344E-4, 2.1962E-7
16384, Swadloon, 0.005190517, 1.40204E-4, 2.1661E-7
16384, Misdreavus, 0.005190517, 1.6762E-4, 2.2762999999999998E-7
16384, Metagross, 0.005190517, 1.33744E-4, 1.9572E-7
16384, Magneton, 0.005190517, 1.40763E-4, 2.1154E-7
16384, Talonflame, 0.004784111, 1.14422E-4, 2.1548000000000002E-7
16384, Glalie, 0.004784111, 1.19676E-4, 2.2794E-7
16384, Breloom, 0.004784111, 1.40413E-4, 1.98E-7
16384, Regirock, 0.004784111, 1.39725E-4, 2.0352E-7
16384, Druddigon, 0.004784111, 1.37925E-4, 2.0925E-7
16384, Froakie, 0.005042264, 1.39286E-4, 2.1395E-7
16384, Hitmonchan, 0.005042264, 1.1452E-4, 2.0596E-7
16384, Omastar, 0.005042264, 1.38823E-4, 2.2755000000000002E-7
16384, Seviper, 0.005042264, 1.81987E-4, 2.0721000000000001E-7
16384, Dugtrio_0, 0.005042264, 1.33605E-4, 2.225E-7
16384, Braixen, 0.005006952, 1.38794E-4, 2.2687000000000002E-7
16384, Swampert_0, 0.005006952, 1.17991E-4, 2.2918999999999998E-7
16384, LatiasMega Latias, 0.005006952, 8.8925E-5, 2.0136000000000002E-7
16384, Lunatone, 0.005006952, 1.38845E-4, 2.1566E-7
16384, Blaziken, 0.005006952, 1.38542E-4, 2.0846E-7
16384, Greninja, 0.00472458, 1.41352E-4, 2.2455E-7
16384, Dedenne, 0.00472458, 1.40571E-4, 2.2186E-7
16384, Combusken, 0.00472458, 1.37252E-4, 2.2039E-7
16384, Scrafty, 0.00472458, 1.39742E-4, 2.0897999999999998E-7
16384, Larvitar_0, 0.00472458, 1.13522E-4, 2.1431E-7
16384, Frogadier, 0.005048017, 1.38862E-4, 1.984E-7
16384, Metang, 0.005048017, 1.17435E-4, 2.1301000000000003E-7
16384, Stantler_0, 0.005048017, 1.12337E-4, 2.3187999999999998E-7
16384, Sigilyph, 0.005048017, 1.39503E-4, 2.2472000000000002E-7
16384, Rattata_0, 0.005048017, 1.32465E-4, 2.3428E-7
16384, Chespin, 0.004727656, 1.38747E-4, 1.9378E-7
16384, Dunsparce, 0.004727656, 1.33169E-4, 2.0695E-7
16384, Dewgong_0, 0.004727656, 1.32561E-4, 1.6595E-7
16384, Munna, 0.004727656, 9.5163E-5, 2.2045999999999998E-7
16384, Klang, 0.004727656, 9.5184E-5, 2.0742E-7
16384, MeloettaPirouette Forme, 0.004997446, 9.1231E-5, 2.2741000000000002E-7
16384, Seedot_0, 0.004997446, 1.38237E-4, 2.1389000000000002E-7
16384, Togepi_0, 0.004997446, 1.38376E-4, 2.2469E-7
16384, Nosepass, 0.004997446, 1.37009E-4, 2.001E-7
16384, LatiosMega Latios, 0.004997446, 8.7455E-5, 2.1157E-7
16384, Fennekin, 0.00492504, 1.44391E-4, 2.1267E-7
16384, GourgeistLarge Size, 0.00492504, 9.3594E-5, 2.255E-7
16384, Dunsparce_0, 0.00492504, 9.5822E-5, 2.2766E-7
16384, Hitmonchan, 0.00492504, 1.14032E-4, 2.0549E-7
16384, Nidoran♂, 0.00492504, 1.39912E-4, 1.9641E-7
16384, Quilladin, 0.004744632, 1.32464E-4, 2.1052E-7
16384, Zebstrika, 0.004744632, 1.3259E-4, 1.8161000000000002E-7
16384, Weezing, 0.004744632, 1.39397E-4, 2.1034E-7
16384, Simipour, 0.004744632, 1.38841E-4, 2.1865000000000002E-7
16384, Kadabra, 0.004744632, 1.38953E-4, 2.0948E-7
16384, KyuremWhite Kyurem, 0.005029965, 8.8894E-5, 1.7426E-7
16384, Ursaring, 0.005029965, 1.38316E-4, 2.1243E-7
16384, Articuno_0, 0.005029965, 1.12643E-4, 1.9922E-7
16384, GourgeistSmall Size, 0.005029965, 9.1592E-5, 1.9225999999999998E-7
16384, Charmander_0, 0.005029965, 8.9061E-5, 2.1539000000000002E-7
16384, Kyurem, 0.004745552, 1.16989E-4, 2.1832E-7
16384, Raichu, 0.004745552, 1.16422E-4, 2.1318E-7
16384, Venonat, 0.004745552, 1.37448E-4, 2.1593E-7
16384, Rotom, 0.004745552, 9.4445E-5, 2.1353E-7
16384, Nidoqueen_0, 0.004745552, 9.4508E-5, 2.1847E-7
16384, MeloettaAria Forme, 0.004978784, 1.08163E-4, 2.167E-7
16384, Dodrio_0, 0.004978784, 1.40189E-4, 2.288E-7
16384, Slowbro, 0.004978784, 1.39221E-4, 2.0962999999999998E-7
16384, Skitty, 0.004978784, 1.17626E-4, 2.1526E-7
16384, Roserade, 0.004978784, 1.3865E-4, 2.1065E-7
16384, KeldeoOrdinary Forme, 0.004884796, 9.4162E-5, 2.2662E-7
16384, Seismitoad, 0.004884796, 1.13022E-4, 2.2223E-7
16384, Primeape_0, 0.004884796, 1.12207E-4, 2.1805E-7
16384, Alakazam, 0.004884796, 1.38458E-4, 2.1646E-7
16384, Skarmory_0, 0.004884796, 1.12266E-4, 2.2925000000000002E-7
16384, Ferrothorn, 0.004817446, 1.1365E-4, 2.1052E-7
16384, Kabutops_0, 0.004817446, 1.13032E-4, 2.2745E-7
16384, Tentacruel, 0.004817446, 1.12514E-4, 2.0568E-7
16384, Delphox, 0.004817446, 1.38494E-4, 2.1084E-7
16384, Magby_0, 0.004817446, 1.3871E-4, 2.2547E-7
16384, Ferroseed, 0.00515227, 1.65066E-4, 2.1950000000000003E-7
16384, Galvantula, 0.00515227, 1.13035E-4, 2.149E-7
16384, Carvanha, 0.00515227, 1.38936E-4, 2.1957999999999998E-7
16384, Shellos, 0.00515227, 1.38945E-4, 2.1208E-7
16384, Chingling, 0.00515227, 1.39245E-4, 2.0941000000000002E-7
16384, Klinklang, 0.004748588, 1.3722E-4, 2.2424E-7
16384, Marshtomp, 0.004748588, 1.35014E-4, 2.0784999999999997E-7
16384, Anorith, 0.004748588, 1.38451E-4, 2.1034E-7
16384, Sentret_0, 0.004748588, 1.33415E-4, 2.2597E-7
16384, Cloyster, 0.004748588, 1.42611E-4, 2.2662E-7
16384, Klink, 0.004900971, 9.7466E-5, 2.0061E-7
16384, Grumpig_0, 0.004900971, 1.32423E-4, 2.2266E-7
16384, Sawsbuck, 0.004900971, 1.38025E-4, 2.0166999999999998E-7
16384, Fennekin, 0.004900971, 1.3904E-4, 2.5664E-7
16384, Starmie, 0.004900971, 1.38615E-4, 2.097E-7
32768, Torterra_1, 0.010723016, 2.63099E-4, 2.2638E-7
32768, Roserade_1, 0.010723016, 2.61975E-4, 2.2377E-7
32768, Octillery, 0.010723016, 2.95728E-4, 2.155E-7
32768, ScizorMega Scizor_0, 0.010723016, 1.94483E-4, 2.4876999999999997E-7
32768, Grovyle_0, 0.010723016, 3.00625E-4, 2.559E-7
32768, DeoxysSpeed Forme_1, 0.01078337, 1.97562E-4, 2.4825E-7
32768, Mewtwo_1, 0.01078337, 2.79589E-4, 2.2781E-7
32768, Raticate, 0.01078337, 2.79382E-4, 2.2918E-7
32768, Wartortle_0, 0.01078337, 2.2976E-4, 2.3672E-7
32768, Lampent_0, 0.01078337, 2.94827E-4, 2.3633E-7
32768, Prinplup_1, 0.010945879, 2.65215E-4, 2.4747E-7
32768, Zygarde50% Forme_0, 0.010945879, 1.90785E-4, 2.4003999999999997E-7
32768, Drifloon_1, 0.010945879, 2.67525E-4, 2.2863E-7
32768, Litwick_0, 0.010945879, 2.97735E-4, 2.401E-7
32768, SwampertMega Swampert, 0.010945879, 1.99555E-4, 2.4070000000000003E-7
32768, Infernape_1, 0.011007556, 2.31104E-4, 2.4525999999999996E-7
32768, Toxicroak_0, 0.011007556, 3.28922E-4, 2.3813E-7
32768, KangaskhanMega Kangaskhan, 0.011007556, 1.9009E-4, 2.3169E-7
32768, Luxio_0, 0.011007556, 2.54106E-4, 2.3213E-7
32768, Accelgor, 0.011007556, 2.79408E-4, 2.2031E-7
32768, KyogrePrimal Kyogre_1, 0.010566473, 2.03215E-4, 2.4511E-7
32768, Hippopotas_1, 0.010566473, 1.99246E-4, 2.4322E-7
32768, MewtwoMega Mewtwo Y, 0.010566473, 1.93468E-4, 2.7409E-7
32768, DeoxysDefense Forme_1, 0.010566473, 1.97315E-4, 2.4857E-7
32768, Shellos, 0.010566473, 3.44514E-4, 3.6136E-7
32768, Latios_1, 0.010544891, 2.80806E-4, 2.3341E-7
32768, Anorith_1, 0.010544891, 2.95307E-4, 2.4176E-7
32768, Clamperl, 0.010544891, 2.78758E-4, 2.6327E-7
32768, Espeon_1, 0.010544891, 2.79185E-4, 2.2991999999999998E-7
32768, Arcanine_0, 0.010544891, 2.60373E-4, 2.2702E-7
32768, DeoxysNormal Forme_1, 0.01116358, 1.90888E-4, 2.3866E-7
32768, Clefable_1, 0.01116358, 2.63368E-4, 2.5786E-7
32768, Raikou, 0.01116358, 2.1901E-4, 2.1925E-7
32768, Poochyena, 0.01116358, 2.96082E-4, 2.3785E-7
32768, Suicune_1, 0.01116358, 3.04396E-4, 2.4428999999999997E-7
32768, Rayquaza_1, 0.010882276, 2.65424E-4, 2.2822E-7
32768, Jumpluff, 0.010882276, 2.8464E-4, 2.0645999999999998E-7
32768, Armaldo, 0.010882276, 2.56014E-4, 2.3296E-7
32768, Poliwag, 0.010882276, 2.55692E-4, 2.2876E-7
32768, Machamp, 0.010882276, 2.56204E-4, 2.2253E-7
32768, Beldum_1, 0.011073946, 3.25842E-4, 2.4136E-7
32768, Phione_1, 0.011073946, 2.80208E-4, 2.3323E-7
32768, Machoke_0, 0.011073946, 4.14987E-4, 2.3853999999999996E-7
32768, Spiritomb_0, 0.011073946, 2.70153E-4, 2.5056E-7
32768, Duskull_0, 0.011073946, 2.96094E-4, 2.4104E-7
32768, Shelgon_1, 0.010532914, 3.01024E-4, 2.3014E-7
32768, Kyurem, 0.010532914, 2.19123E-4, 2.1104999999999997E-7
32768, Galvantula, 0.010532914, 2.59979E-4, 2.4684E-7
32768, Chimchar, 0.010532914, 2.82818E-4, 2.1992E-7
32768, Miltank, 0.010532914, 2.54376E-4, 2.5082E-7
32768, Registeel_1, 0.010619245, 2.30886E-4, 2.5063E-7
32768, Heatran, 0.010619245, 2.54811E-4, 2.3008E-7
32768, Togekiss, 0.010619245, 2.80721E-4, 2.1034E-7
32768, Xerneas_0, 0.010619245, 3.00096E-4, 2.2456999999999998E-7
32768, WormadamTrash Cloak_0, 0.010619245, 1.98694E-4, 2.1259E-7
32768, MetagrossMega Metagross_1, 0.010894162, 1.98657E-4, 2.3828E-7
32768, Porygon2, 0.010894162, 2.79649E-4, 1.9559E-7
32768, Gothitelle, 0.010894162, 2.59946E-4, 1.9487000000000002E-7
32768, Pansear_0, 0.010894162, 3.00075E-4, 2.3003E-7
32768, Diglett_1, 0.010894162, 2.95408E-4, 2.341E-7
32768, Spheal_1, 0.011172559, 2.80948E-4, 2.5476000000000004E-7
32768, HoundoomMega Houndoom_0, 0.011172559, 1.98172E-4, 2.4446E-7
32768, DiancieMega Diancie, 0.011172559, 1.95925E-4, 2.4261E-7
32768, Cacnea_1, 0.011172559, 2.78009E-4, 2.2818E-7
32768, Deerling_0, 0.011172559, 2.58978E-4, 2.079E-7
32768, Snorunt_1, 0.010797316, 2.97904E-4, 2.2272E-7
32768, Goldeen_0, 0.010797316, 2.97426E-4, 2.2334E-7
32768, Hitmonlee_0, 0.010797316, 3.24794E-4, 2.4232E-7
32768, Lapras_1, 0.010797316, 2.80328E-4, 2.3171E-7
32768, Remoraid_1, 0.010797316, 2.62133E-4, 2.4171E-7
32768, Relicanth_1, 0.010566295, 2.3388E-4, 2.4954E-7
32768, Audino, 0.010566295, 2.19495E-4, 1.9933999999999998E-7
32768, Sliggoo, 0.010566295, 2.61622E-4, 2.2493E-7
32768, Unown, 0.010566295, 1.94201E-4, 2.3451999999999999E-7
32768, Clefairy, 0.010566295, 2.7968E-4, 2.3468E-7
32768, Clamperl_1, 0.010576134, 2.68383E-4, 2.3911E-7
32768, Mesprit_0, 0.010576134, 2.96436E-4, 2.5002E-7
32768, Umbreon_0, 0.010576134, 2.98752E-4, 2.0356E-7
32768, Blitzle_1, 0.010576134, 2.96171E-4, 2.2836E-7
32768, Phanpy_0, 0.010576134, 2.78489E-4, 2.4035E-7
32768, Chingling_1, 0.011469991, 2.84505E-4, 2.2897000000000002E-7
32768, Solrock_1, 0.011469991, 2.97521E-4, 2.3532000000000002E-7
32768, Stunky_0, 0.011469991, 2.79314E-4, 2.3606E-7
32768, Zangoose_0, 0.011469991, 2.71017E-4, 2.2221E-7
32768, Carnivine_0, 0.011469991, 2.27086E-4, 2.2874000000000002E-7
32768, Honchkrow_1, 0.011070527, 2.29629E-4, 2.0616000000000001E-7
32768, Geodude_1, 0.011070527, 2.97527E-4, 2.4385E-7
32768, Sewaddle_0, 0.011070527, 2.66996E-4, 2.393E-7
32768, Flareon_0, 0.011070527, 2.9823E-4, 2.4783E-7
32768, Haunter_1, 0.011070527, 2.95988E-4, 2.0886E-7
32768, Bonsly_1, 0.011366666, 3.61352E-4, 2.5352999999999997E-7
32768, Heatran_0, 0.011366666, 2.98714E-4, 2.484E-7
32768, Goldeen_0, 0.011366666, 3.24588E-4, 2.483E-7
32768, Charizard_1, 0.011366666, 2.28246E-4, 2.2475E-7
32768, Rhyperior, 0.011366666, 2.94943E-4, 2.4423999999999997E-7
32768, Bronzor_1, 0.014078825, 3.95846E-4, 2.6167E-7
32768, Spiritomb_1, 0.014078825, 3.10344E-4, 2.649E-7
32768, Swablu_0, 0.014078825, 3.16244E-4, 2.7754E-7
32768, Woobat_0, 0.014078825, 3.14914E-4, 2.6196E-7
32768, Exeggcute_0, 0.014078825, 2.68345E-4, 2.6949E-7
32768, Shellos_1, 0.013712634, 3.85572E-4, 3.0045E-7
32768, LatiasMega Latias_1, 0.013712634, 2.4432E-4, 3.0707E-7
32768, Floette_0, 0.013712634, 3.75576E-4, 3.094E-7
32768, Claydol_1, 0.013712634, 3.69704E-4, 2.9845E-7
32768, Virizion, 0.013712634, 3.47568E-4, 2.9022999999999997E-7
32768, Floatzel_1, 0.013234418, 3.5769E-4, 3.138E-7
32768, Blitzle, 0.013234418, 3.23887E-4, 2.9754E-7
32768, Glaceon_0, 0.013234418, 3.7131E-4, 3.1545E-7
32768, Articuno_1, 0.013234418, 3.42168E-4, 2.8966999999999997E-7
32768, Seedot_0, 0.013234418, 3.49012E-4, 2.7103E-7
32768, Lopunny_1, 0.0132482, 3.69323E-4, 3.0026E-7
32768, Delibird, 0.0132482, 3.70779E-4, 2.7738E-7
32768, Nidoran♂_1, 0.0132482, 3.27784E-4, 2.5658E-7
32768, Diggersby, 0.0132482, 3.75113E-4, 2.8362E-7
32768, Riolu_1, 0.0132482, 3.21017E-4, 2.3337E-7
32768, Drifloon_1, 0.013265676, 4.76212E-4, 3.659E-7
32768, Kangaskhan, 0.013265676, 3.40346E-4, 3.0931E-7
32768, Scrafty_0, 0.013265676, 4.16595E-4, 3.0926E-7
32768, Mantyke, 0.013265676, 3.23995E-4, 2.747E-7
32768, GardevoirMega Gardevoir, 0.013265676, 2.44969E-4, 2.8818000000000003E-7
32768, Burmy_1, 0.013867775, 6.24343E-4, 5.1282E-7
32768, Weezing_0, 0.013867775, 6.96121E-4, 6.467E-7
32768, Ampharos_1, 0.013867775, 7.3317E-4, 5.429699999999999E-7
32768, Shiftry_0, 0.013867775, 6.48152E-4, 5.0484E-7
32768, Shellder, 0.013867775, 6.06641E-4, 5.4161E-7
32768, Rampardos_1, 0.017120133, 3.18225E-4, 3.0212E-7
32768, Archeops, 0.017120133, 3.68574E-4, 2.8857E-7
32768, Turtwig_1, 0.017120133, 4.69074E-4, 4.0781999999999996E-7
32768, Tentacruel_0, 0.017120133, 4.06168E-4, 2.8959E-7
32768, Gabite, 0.017120133, 4.79899E-4, 3.6467999999999995E-7
32768, Vespiquen_1, 0.013568002, 2.82391E-4, 3.1828E-7
32768, Mothim, 0.013568002, 2.64639E-4, 2.5936999999999997E-7
32768, Barbaracle_0, 0.013568002, 2.46872E-4, 2.6482E-7
32768, Flabébé_0, 0.013568002, 3.58872E-4, 3.0027E-7
32768, Mandibuzz_0, 0.013568002, 2.84479E-4, 2.8246E-7
32768, WormadamTrash Cloak_1, 0.016249765, 2.58978E-4, 3.1529999999999997E-7
32768, Quilava, 0.016249765, 3.16626E-4, 2.5648E-7
32768, Victreebel_1, 0.016249765, 2.70692E-4, 2.9159E-7
32768, Electivire_0, 0.016249765, 2.58906E-4, 2.9683E-7
32768, Linoone_1, 0.016249765, 3.76461E-4, 2.708E-7
32768, Bibarel_1, 0.018825364, 7.52273E-4, 5.8186E-7
32768, Chikorita_0, 0.018825364, 6.77306E-4, 4.3569E-7
32768, Pansage_1, 0.018825364, 6.81955E-4, 2.9787E-7
32768, Surskit_1, 0.018825364, 5.25816E-4, 4.7626E-7
32768, Tentacool_1, 0.018825364, 6.82696E-4, 6.018399999999999E-7
32768, Staravia_1, 0.0187056, 9.78689E-4, 3.5062E-7
32768, Hitmonlee_1, 0.0187056, 6.69395E-4, 3.2196E-7
32768, CameruptMega Camerupt_1, 0.0187056, 0.00123766, 7.420000000000001E-7
32768, Magnemite_1, 0.0187056, 6.66314E-4, 4.5432E-7
32768, Drifblim_1, 0.0187056, 6.29888E-4, 5.114600000000001E-7
32768, Budew_1, 0.020696079, 5.52549E-4, 5.1615E-7
32768, Munna_0, 0.020696079, 5.77816E-4, 5.177499999999999E-7
32768, Misdreavus_1, 0.020696079, 4.85599E-4, 5.0224E-7
32768, Ferrothorn, 0.020696079, 5.5518E-4, 4.904899999999999E-7
32768, SlowbroMega Slowbro_0, 0.020696079, 4.77992E-4, 4.8971E-7
32768, Shinx_1, 0.012854735, 3.28164E-4, 2.9821E-7
32768, Bastiodon_0, 0.012854735, 2.97889E-4, 2.8435000000000003E-7
32768, AggronMega Aggron_1, 0.012854735, 2.49619E-4, 4.4512999999999996E-7
32768, GalladeMega Gallade_1, 0.012854735, 2.3361E-4, 2.5294E-7
32768, Stunky_0, 0.012854735, 3.38682E-4, 2.8461E-7
32768, Plusle_1, 0.01349986, 3.89727E-4, 2.9615999999999997E-7
32768, Lileep_0, 0.01349986, 3.47199E-4, 2.945E-7
32768, Mr. Mime, 0.01349986, 3.82402E-4, 3.3278000000000005E-7
32768, Luxio, 0.01349986, 2.84485E-4, 3.0542E-7
32768, Drifloon_0, 0.01349986, 4.32324E-4, 3.9717E-7
32768, Electrike_1, 0.017144248, 3.34293E-4, 3.1536E-7
32768, Smoochum_0, 0.017144248, 3.83203E-4, 3.1955E-7
32768, Kingdra, 0.017144248, 3.68743E-4, 4.8249E-7
32768, ScizorMega Scizor, 0.017144248, 5.04864E-4, 4.809999999999999E-7
32768, Poliwrath_1, 0.017144248, 4.45647E-4, 4.198E-7
32768, Swalot_1, 0.013143804, 3.24168E-4, 2.8365000000000003E-7
32768, Quilladin, 0.013143804, 3.33992E-4, 2.5733E-7
32768, Exeggcute, 0.013143804, 6.12516E-4, 2.4403E-7
32768, SlowbroMega Slowbro_0, 0.013143804, 2.21684E-4, 2.5753E-7
32768, Chingling, 0.013143804, 3.8234E-4, 2.5901000000000004E-7
32768, Illumise_1, 0.012218805, 2.95503E-4, 5.195000000000001E-7
32768, Beheeyem_0, 0.012218805, 3.11762E-4, 2.4912E-7
32768, Glameow_1, 0.012218805, 3.32479E-4, 2.6584E-7
32768, Litwick, 0.012218805, 3.26094E-4, 2.5427E-7
32768, Weepinbell_0, 0.012218805, 2.21911E-4, 2.5561E-7
32768, Mawile_1, 0.012569602, 3.18034E-4, 2.9371E-7
32768, Conkeldurr_0, 0.012569602, 2.2068E-4, 2.5194E-7
32768, BanetteMega Banette, 0.012569602, 2.14944E-4, 2.2022999999999998E-7
32768, Articuno_1, 0.012569602, 3.40666E-4, 4.7135999999999995E-7
32768, Beheeyem, 0.012569602, 4.76248E-4, 2.6769E-7
32768, Delcatty_1, 0.012416059, 2.94797E-4, 2.7691E-7
32768, Heatran_1, 0.012416059, 3.85306E-4, 2.3158E-7
32768, Carnivine, 0.012416059, 3.32422E-4, 2.6703000000000003E-7
32768, Swinub_0, 0.012416059, 3.1312E-4, 3.3402E-7
32768, Entei_0, 0.012416059, 3.48145E-4, 2.7271999999999997E-7
32768, Meditite_1, 0.013937113, 3.29379E-4, 3.0083E-7
32768, Aipom_1, 0.013937113, 3.14005E-4, 2.8765999999999997E-7
32768, Zangoose, 0.013937113, 3.48878E-4, 2.791E-7
32768, Wartortle, 0.013937113, 3.88877E-4, 2.7363E-7
32768, Combee_1, 0.013937113, 3.43147E-4, 2.92E-7
32768, Lairon_1, 0.013267091, 3.56268E-4, 3.082E-7
32768, MeloettaAria Forme_0, 0.013267091, 2.32558E-4, 2.9656E-7
32768, Venipede, 0.013267091, 3.43686E-4, 2.9473E-7
32768, Baltoy_1, 0.013267091, 3.50524E-4, 2.7707000000000003E-7
32768, Treecko, 0.013267091, 3.4393E-4, 2.5505E-7
32768, Shedinja_1, 0.013821608, 4.22972E-4, 3.4452E-7
32768, Ludicolo, 0.013821608, 4.46948E-4, 2.9559E-7
32768, Vanillish, 0.013821608, 4.99881E-4, 3.2196E-7
32768, Armaldo, 0.013821608, 4.55643E-4, 3.3853E-7
32768, Growlithe, 0.013821608, 4.69397E-4, 2.9869000000000004E-7
32768, Slaking_1, 0.015413127, 4.16694E-4, 2.8486E-7
32768, Charmeleon, 0.015413127, 3.09199E-4, 2.4298E-7
32768, Dragalge, 0.015413127, 4.27488E-4, 4.1773E-7
32768, Dragonair, 0.015413127, 4.39372E-4, 2.7654999999999997E-7
32768, WormadamPlant Cloak, 0.015413127, 3.56524E-4, 3.0518000000000004E-7
32768, Azurill_1, 0.017354762, 0.001302961, 4.1134000000000003E-7
32768, Porygon2_1, 0.017354762, 0.001926747, 6.2178E-7
32768, Pancham, 0.017354762, 0.001014914, 5.9291E-7
32768, BeedrillMega Beedrill_0, 0.017354762, 7.76474E-4, 6.3565E-7
32768, Ferroseed_0, 0.017354762, 6.83452E-4, 4.7423000000000003E-7
32768, Exploud_1, 0.021834602, 5.90365E-4, 5.5274E-7
32768, Clauncher_0, 0.021834602, 4.9727E-4, 5.8543E-7
32768, Gallade, 0.021834602, 5.16961E-4, 5.628200000000001E-7
32768, Sawk, 0.021834602, 4.03054E-4, 5.2186E-7
32768, Stantler_1, 0.021834602, 5.41285E-4, 4.9351E-7
32768, Kirlia_1, 0.021078123, 6.47914E-4, 5.5939E-7
32768, Illumise, 0.021078123, 6.37147E-4, 4.9765E-7
32768, Haunter_0, 0.021078123, 6.77787E-4, 5.588000000000001E-7
32768, Dusclops_0, 0.021078123, 6.31876E-4, 5.6013E-7
32768, Jigglypuff_1, 0.021078123, 5.26139E-4, 4.2015999999999997E-7
32768, Pelipper_1, 0.020957676, 6.02731E-4, 5.3755E-7
32768, Cascoon_0, 0.020957676, 6.30699E-4, 5.2303E-7
32768, Electrike_0, 0.020957676, 5.3293E-4, 5.557200000000001E-7
32768, Quilava_0, 0.020957676, 6.40459E-4, 5.2383E-7
32768, Prinplup_1, 0.020957676, 5.90436E-4, 5.330199999999999E-7
32768, Breloom_1, 0.02198267, 6.95633E-4, 5.534099999999999E-7
32768, Swellow_1, 0.02198267, 6.34415E-4, 5.135499999999999E-7
32768, Dragonair, 0.02198267, 6.62767E-4, 4.4363999999999997E-7
32768, Gallade_1, 0.02198267, 5.65501E-4, 4.1817000000000004E-7
32768, Venomoth_0, 0.02198267, 5.0702E-4, 3.9753E-7
32768, Surskit_1, 0.021012247, 6.39899E-4, 5.5883E-7
32768, Vespiquen, 0.021012247, 6.41838E-4, 5.315E-7
32768, PumpkabooLarge Size, 0.021012247, 4.81928E-4, 5.4582E-7
32768, Surskit_1, 0.021012247, 6.33589E-4, 5.466099999999999E-7
32768, Luxio_0, 0.021012247, 5.85685E-4, 5.3631E-7
32768, BanetteMega Banette_1, 0.018499001, 2.69614E-4, 3.1547E-7
32768, Ludicolo_0, 0.018499001, 3.60126E-4, 3.2289999999999996E-7
32768, Porygon2_0, 0.018499001, 3.62375E-4, 3.1901E-7
32768, Woobat, 0.018499001, 3.34509E-4, 2.749E-7
32768, Clefable_0, 0.018499001, 4.95118E-4, 3.5376E-7
32768, Kecleon_1, 0.014655611, 5.64119E-4, 3.4391999999999997E-7
32768, Delibird_1, 0.014655611, 3.89835E-4, 2.6571E-7
32768, Chatot_0, 0.014655611, 3.94123E-4, 2.9067E-7
32768, AltariaMega Altaria, 0.014655611, 2.6873E-4, 3.1463E-7
32768, Infernape_0, 0.014655611, 3.22195E-4, 3.3933999999999997E-7
32768, AbsolMega Absol_1, 0.015689255, 6.13352E-4, 6.9431E-7
32768, Bellsprout_1, 0.015689255, 6.04531E-4, 5.7455E-7
32768, Wailmer_0, 0.015689255, 7.5091E-4, 5.199600000000001E-7
32768, Delphox_0, 0.015689255, 7.49528E-4, 5.0969E-7
32768, Paras, 0.015689255, 6.0971E-4, 5.4677E-7
32768, Tropius_1, 0.025770586, 6.55151E-4, 4.3229E-7
32768, Gigalith_0, 0.025770586, 7.43015E-4, 4.8438E-7
32768, Cherrim_0, 0.025770586, 8.35877E-4, 4.0948000000000004E-7
32768, Croagunk_0, 0.025770586, 6.64535E-4, 4.8291E-7
32768, Kricketot, 0.025770586, 7.00804E-4, 4.2643E-7
32768, Baltoy_1, 0.02681659, 0.001238141, 4.3055E-7
32768, Blitzle_1, 0.02681659, 9.67595E-4, 5.123000000000001E-7
32768, Archeops_0, 0.02681659, 8.2784E-4, 3.9435E-7
32768, Lotad_1, 0.02681659, 6.43863E-4, 4.9598E-7
32768, Magcargo, 0.02681659, 6.84238E-4, 5.1081E-7
32768, Whiscash_1, 0.022380562, 5.9332E-4, 5.5028E-7
32768, Mothim_1, 0.022380562, 6.29426E-4, 5.4551E-7
32768, Espurr_0, 0.022380562, 6.45018E-4, 6.5218E-7
32768, Machamp_1, 0.022380562, 6.41046E-4, 4.7193E-7
32768, Zoroark, 0.022380562, 5.6037E-4, 4.7811E-7
32768, Feebas_1, 0.020775692, 6.58689E-4, 5.1455E-7
32768, Kangaskhan_1, 0.020775692, 5.05197E-4, 5.0774E-7
32768, Whimsicott_0, 0.020775692, 4.89981E-4, 5.1692E-7
32768, Flareon, 0.020775692, 6.18623E-4, 5.453E-7
32768, Sandshrew_1, 0.020775692, 5.87661E-4, 5.4179E-7
32768, Cradily_1, 0.02005521, 4.68223E-4, 3.0559E-7
32768, Minccino_0, 0.02005521, 3.80204E-4, 3.1690000000000004E-7
32768, Chimecho_0, 0.02005521, 3.67339E-4, 3.282E-7
32768, Magnezone_1, 0.02005521, 3.15555E-4, 3.0866E-7
32768, Jirachi_1, 0.02005521, 4.07302E-4, 3.0703E-7
32768, Cacturne_1, 0.014578149, 3.5698E-4, 3.2110000000000004E-7
32768, Jigglypuff, 0.014578149, 3.45356E-4, 2.8615E-7
32768, Rapidash_1, 0.014578149, 3.44279E-4, 3.1568E-7
32768, Electivire, 0.014578149, 3.48404E-4, 2.983E-7
32768, Girafarig_1, 0.014578149, 3.03411E-4, 2.9157E-7
32768, Vibrava_1, 0.019323188, 7.22077E-4, 6.4595E-7
32768, Mantyke_1, 0.019323188, 6.92045E-4, 4.9514E-7
32768, Hoppip_1, 0.019323188, 5.96369E-4, 7.145899999999999E-7
32768, Shiftry, 0.019323188, 5.22867E-4, 5.9938E-7
32768, Vullaby, 0.019323188, 5.10651E-4, 5.3983E-7
32768, Lunatone_1, 0.013414504, 3.8307E-4, 3.3658999999999997E-7
32768, Typhlosion_1, 0.013414504, 2.86362E-4, 3.1618E-7
32768, Growlithe_1, 0.013414504, 3.1977E-4, 3.07E-7
32768, Jellicent_0, 0.013414504, 2.98947E-4, 3.0004E-7
32768, Scizor_0, 0.013414504, 3.76682E-4, 3.0830000000000003E-7
32768, AltariaMega Altaria_1, 0.015379072, 2.6347E-4, 3.2096E-7
32768, Meditite, 0.015379072, 4.29063E-4, 3.8970999999999996E-7
32768, Swellow_1, 0.015379072, 6.23076E-4, 5.5994E-7
32768, Flabébé, 0.015379072, 3.95589E-4, 3.3539E-7
32768, Yamask_0, 0.015379072, 5.36585E-4, 3.0361999999999996E-7
32768, Wailord_1, 0.014639168, 5.2588E-4, 2.7738E-7
32768, MawileMega Mawile_0, 0.014639168, 2.70437E-4, 2.9045999999999997E-7
32768, Plusle_1, 0.014639168, 3.22104E-4, 2.749E-7
32768, SteelixMega Steelix_1, 0.014639168, 2.27585E-4, 2.74E-7
32768, Torchic_1, 0.014639168, 3.48157E-4, 2.9227E-7
32768, SharpedoMega Sharpedo_1, 0.013631596, 2.59723E-4, 3.2957E-7
32768, Wooper_0, 0.013631596, 3.87455E-4, 3.0864E-7
32768, Musharna_1, 0.013631596, 3.13E-4, 2.542E-7
32768, Charmeleon_1, 0.013631596, 2.21832E-4, 2.5724E-7
32768, Slowbro, 0.013631596, 3.29254E-4, 2.4208E-7
32768, Grumpig_1, 0.013301345, 3.63522E-4, 2.9947E-7
32768, Axew, 0.013301345, 2.31672E-4, 2.7453E-7
32768, Prinplup_1, 0.013301345, 3.11753E-4, 2.8915E-7
32768, Tentacool, 0.013301345, 3.96838E-4, 4.6794E-7
32768, Mightyena_0, 0.013301345, 3.04171E-4, 3.1322000000000005E-7
32768, CameruptMega Camerupt_1, 0.0129282, 2.36461E-4, 2.5006E-7
32768, Feebas, 0.0129282, 2.68694E-4, 2.368E-7
32768, Steelix_1, 0.0129282, 3.58935E-4, 2.6984E-7
32768, Bidoof_1, 0.0129282, 3.69074E-4, 3.9218E-7
32768, Mienshao_0, 0.0129282, 3.29424E-4, 2.574E-7
32768, Houndour_1, 0.012380248, 3.20573E-4, 2.5384999999999996E-7
32768, Drifloon, 0.012380248, 2.93817E-4, 2.2762E-7
32768, Ursaring, 0.012380248, 2.91611E-4, 2.4266000000000003E-7
32768, Feraligatr, 0.012380248, 3.13413E-4, 2.3184E-7
32768, CharizardMega Charizard Y_0, 0.012380248, 1.94318E-4, 2.6925E-7
32768, Delibird_1, 0.011481251, 2.74671E-4, 1.9522999999999998E-7
32768, LatiosMega Latios_0, 0.011481251, 2.09699E-4, 2.2917E-7
32768, BeedrillMega Beedrill, 0.011481251, 2.2967E-4, 2.5677000000000004E-7
32768, Clefable_1, 0.011481251, 2.9494E-4, 2.423E-7
32768, Gorebyss_0, 0.011481251, 2.73723E-4, 2.3502E-7
32768, Porygon2_1, 0.01143255, 2.78107E-4, 2.7891E-7
32768, Golem_0, 0.01143255, 2.71001E-4, 2.6151E-7
32768, Buizel_1, 0.01143255, 2.92784E-4, 2.4134E-7
32768, Krookodile, 0.01143255, 2.75128E-4, 2.2928000000000003E-7
32768, Kakuna, 0.01143255, 3.1127E-4, 2.3731E-7
32768, Kingdra_1, 0.011830859, 3.14209E-4, 2.6242E-7
32768, Clauncher, 0.011830859, 3.12768E-4, 2.3405E-7
32768, Koffing, 0.011830859, 3.05591E-4, 2.4837E-7
32768, AbsolMega Absol, 0.011830859, 1.92362E-4, 2.3635999999999998E-7
32768, MetagrossMega Metagross, 0.011830859, 2.02652E-4, 2.0252E-7
32768, Teddiursa_1, 0.011787651, 2.55241E-4, 2.3677999999999998E-7
32768, Binacle_0, 0.011787651, 3.1272E-4, 2.4074E-7
32768, Zapdos, 0.011787651, 2.33305E-4, 2.1369E-7
32768, Crobat_0, 0.011787651, 2.98429E-4, 2.5878E-7
32768, Jumpluff, 0.011787651, 2.94347E-4, 2.2003E-7
32768, Heracross_1, 0.01161532, 2.42122E-4, 2.5039E-7
32768, Cherrim_0, 0.01161532, 3.15007E-4, 2.5168E-7
32768, Wynaut, 0.01161532, 2.29365E-4, 2.1857E-7
32768, Helioptile, 0.01161532, 2.79472E-4, 2.467E-7
32768, Sawk, 0.01161532, 1.95781E-4, 2.3145E-7
32768, Corsola_1, 0.011507378, 3.55945E-4, 2.9554E-7
32768, Starmie_0, 0.011507378, 3.11783E-4, 2.5091999999999997E-7
32768, Hitmontop, 0.011507378, 4.61044E-4, 2.9701E-7
32768, Sigilyph_0, 0.011507378, 3.68959E-4, 2.4702E-7
32768, HoopaHoopa Unbound_0, 0.011507378, 1.96973E-4, 2.3689999999999998E-7
32768, Magcargo_1, 0.011903148, 3.246E-4, 3.0055E-7
32768, Wartortle_0, 0.011903148, 2.71936E-4, 2.8199E-7
32768, Crawdaunt, 0.011903148, 3.53745E-4, 2.5957E-7
32768, Huntail_0, 0.011903148, 3.55845E-4, 3.0168E-7
32768, AbsolMega Absol_1, 0.011903148, 2.2244E-4, 2.5077E-7
32768, Gligar_1, 0.013108357, 3.74187E-4, 2.6248E-7
32768, Charmeleon_1, 0.013108357, 2.44785E-4, 2.8001E-7
32768, Poliwrath_0, 0.013108357, 2.84942E-4, 2.8024000000000003E-7
32768, Xatu_1, 0.013108357, 2.67858E-4, 2.7424E-7
32768, Chinchou_1, 0.013108357, 3.21552E-4, 2.9775E-7
32768, Pineco_1, 0.013254374, 3.50367E-4, 3.0187E-7
32768, Rhyperior_0, 0.013254374, 2.78519E-4, 2.5548E-7
32768, Foongus, 0.013254374, 3.09541E-4, 2.7631E-7
32768, Carbink_0, 0.013254374, 3.67951E-4, 2.7466E-7
32768, Unfezant_1, 0.013254374, 3.2016E-4, 2.5171E-7
32768, Scizor_1, 0.011636064, 2.73796E-4, 4.5867E-7
32768, Carvanha_0, 0.011636064, 2.70336E-4, 2.3419E-7
32768, Weavile, 0.011636064, 2.86694E-4, 2.5774000000000003E-7
32768, GiratinaAltered Forme, 0.011636064, 2.11321E-4, 2.6054000000000003E-7
32768, Flaaffy_0, 0.011636064, 3.2561E-4, 2.6026000000000003E-7
32768, Snubbull_1, 0.011743523, 2.85624E-4, 2.7317E-7
32768, Ludicolo_1, 0.011743523, 2.84896E-4, 2.512E-7
32768, Garbodor, 0.011743523, 4.32267E-4, 2.6539E-7
32768, Delcatty, 0.011743523, 3.32397E-4, 2.5347999999999996E-7
32768, Excadrill_0, 0.011743523, 2.76626E-4, 4.0132999999999995E-7
32768, Espeon_1, 0.011674222, 3.10433E-4, 3.0252E-7
32768, Finneon, 0.011674222, 2.74649E-4, 2.5114999999999997E-7
32768, Avalugg, 0.011674222, 2.72551E-4, 2.5292E-7
32768, Hitmonlee_0, 0.011674222, 2.49808E-4, 2.6233E-7
32768, Armaldo_0, 0.011674222, 3.21895E-4, 2.4775E-7
32768, Yanma_1, 0.012127358, 3.26499E-4, 3.1105E-7
32768, Unown, 0.012127358, 2.39611E-4, 2.8909E-7
32768, Kingler_0, 0.012127358, 3.8568E-4, 3.0456E-7
32768, Zweilous, 0.012127358, 3.49416E-4, 2.7571E-7
32768, Sliggoo_0, 0.012127358, 3.66991E-4, 2.9634E-7
32768, Unown_1, 0.013362643, 2.92604E-4, 2.6188999999999997E-7
32768, Vespiquen_1, 0.013362643, 2.96185E-4, 2.4403E-7
32768, Aurorus, 0.013362643, 3.24623E-4, 3.0725E-7
32768, Victini_0, 0.013362643, 3.70841E-4, 3.0185E-7
32768, Tropius, 0.013362643, 3.1146E-4, 2.8441E-7
32768, Murkrow_1, 0.013085745, 3.59124E-4, 2.995E-7
32768, Illumise_1, 0.013085745, 3.12647E-4, 2.937E-7
32768, Aipom_0, 0.013085745, 3.02063E-4, 2.3391E-7
32768, Meditite_0, 0.013085745, 3.36333E-4, 3.0262E-7
32768, GourgeistSmall Size, 0.013085745, 2.38178E-4, 3.029E-7
32768, Lotad_1, 0.013395968, 3.1849E-4, 2.9456999999999997E-7
32768, Archeops_0, 0.013395968, 3.05062E-4, 2.3873E-7
32768, Lopunny_0, 0.013395968, 3.2196E-4, 2.5913E-7
32768, Slakoth, 0.013395968, 2.78988E-4, 2.5725E-7
32768, Corsola_0, 0.013395968, 3.20351E-4, 2.5562E-7
32768, Beautifly_1, 0.011674972, 2.42792E-4, 2.6086E-7
32768, Manectric_0, 0.011674972, 2.41716E-4, 2.5581E-7
32768, Gurdurr_0, 0.011674972, 3.16366E-4, 2.3611000000000001E-7
32768, Dodrio, 0.011674972, 2.29379E-4, 2.3136999999999999E-7
32768, Gothita_0, 0.011674972, 3.12307E-4, 2.4936E-7
32768, Taillow_1, 0.020830219, 7.07038E-4, 5.6512E-7
32768, Ivysaur_0, 0.020830219, 7.0877E-4, 6.141E-7
32768, Chansey_0, 0.020830219, 6.95362E-4, 4.0037000000000003E-7
32768, AegislashBlade Forme, 0.020830219, 2.91742E-4, 4.0831000000000003E-7
32768, Kingdra, 0.020830219, 5.76765E-4, 4.5889E-7
32768, Seedot_1, 0.020206827, 3.34775E-4, 3.017E-7
32768, Mienfoo, 0.020206827, 3.18473E-4, 2.8620999999999997E-7
32768, Piloswine_0, 0.020206827, 2.7271E-4, 2.9641E-7
32768, Rotom, 0.020206827, 2.3158E-4, 2.8169000000000003E-7
32768, Vanillish, 0.020206827, 3.5418E-4, 3.8915999999999997E-7
32768, Marshtomp_1, 0.015077856, 2.98971E-4, 3.1975E-7
32768, Cryogonal_0, 0.015077856, 3.31416E-4, 2.9705000000000003E-7
32768, Scatterbug_0, 0.015077856, 3.4075E-4, 3.2716E-7
32768, Makuhita_0, 0.015077856, 5.66631E-4, 2.9848999999999997E-7
32768, Chimchar, 0.015077856, 5.05429E-4, 2.769E-7
32768, Blaziken_1, 0.013335239, 3.25283E-4, 3.1696000000000005E-7
32768, Banette_0, 0.013335239, 3.78612E-4, 2.9141E-7
32768, Tangrowth_0, 0.013335239, 2.79947E-4, 2.9298E-7
32768, Gengar_0, 0.013335239, 3.43664E-4, 3.9998E-7
32768, Raichu_0, 0.013335239, 3.45333E-4, 2.8033E-7
32768, Linoone_1, 0.013282101, 3.72049E-4, 2.7702E-7
32768, Oddish_0, 0.013282101, 3.54618E-4, 2.7101E-7
32768, Lileep_0, 0.013282101, 3.42632E-4, 2.935E-7
32768, Burmy_1, 0.013282101, 3.12359E-4, 2.6589E-7
32768, Shuckle_1, 0.013282101, 3.79085E-4, 3.146E-7
32768, Poochyena_1, 0.012935362, 2.64207E-4, 2.8599E-7
32768, DiancieMega Diancie_0, 0.012935362, 2.24829E-4, 2.3866E-7
32768, Darumaka_0, 0.012935362, 2.90612E-4, 2.5547E-7
32768, Dialga_0, 0.012935362, 3.09331E-4, 2.5199E-7
32768, Clefairy, 0.012935362, 3.20869E-4, 2.6551E-7
32768, Lugia_1, 0.011997866, 2.74201E-4, 2.5217E-7
32768, Froakie_0, 0.011997866, 3.12536E-4, 2.2141999999999998E-7
32768, Igglybuff_1, 0.011997866, 2.8508E-4, 2.4596E-7
32768, Delibird, 0.011997866, 2.94695E-4, 2.3264E-7
32768, Dugtrio, 0.011997866, 2.65542E-4, 2.4181E-7
32768, Pupitar_1, 0.011581152, 3.176E-4, 3.4167E-7
32768, SlowbroMega Slowbro, 0.011581152, 2.1625E-4, 2.5766E-7
32768, Rayquaza_1, 0.011581152, 3.58729E-4, 2.3569000000000001E-7
32768, Gorebyss, 0.011581152, 2.94087E-4, 2.4999E-7
32768, Granbull, 0.011581152, 3.04305E-4, 2.4745E-7
32768, SceptileMega Sceptile_1, 0.011534584, 3.07246E-4, 2.6442E-7
32768, Meditite_1, 0.011534584, 2.85335E-4, 2.5332E-7
32768, Aromatisse_0, 0.011534584, 2.1314E-4, 2.5305E-7
32768, Mienshao, 0.011534584, 3.50673E-4, 2.6043E-7
32768, RayquazaMega Rayquaza_0, 0.011534584, 2.09634E-4, 2.7800000000000003E-7
32768, Treecko_1, 0.011558683, 3.23958E-4, 2.6734E-7
32768, Slowking_1, 0.011558683, 2.84677E-4, 2.6758E-7
32768, Alakazam_1, 0.011558683, 2.92148E-4, 2.6059E-7
32768, Combee, 0.011558683, 2.36274E-4, 2.5845E-7
32768, Pidgeotto_1, 0.011558683, 2.45167E-4, 2.5392E-7
32768, Elekid_1, 0.011596285, 3.03909E-4, 3.3012E-7
32768, GroudonPrimal Groudon, 0.011596285, 2.13676E-4, 2.6082E-7
32768, Watchog_1, 0.011596285, 3.21122E-4, 2.5583E-7
32768, Porygon2_0, 0.011596285, 2.81262E-4, 2.5828E-7
32768, Krokorok_0, 0.011596285, 2.92829E-4, 2.5683E-7
32768, Tyrogue_1, 0.011571514, 3.27845E-4, 2.3525E-7
32768, Electabuzz, 0.011571514, 2.76143E-4, 2.4762E-7
32768, Sharpedo_1, 0.011571514, 2.75596E-4, 2.5377000000000003E-7
32768, Sandshrew_0, 0.011571514, 2.49706E-4, 2.5871E-7
32768, Sunflora_1, 0.011571514, 2.74325E-4, 3.7938999999999996E-7
32768, Entei_1, 0.013718035, 3.27556E-4, 2.2359E-7
32768, Feebas_1, 0.013718035, 3.55867E-4, 4.1084999999999995E-7
32768, Wooper_1, 0.013718035, 3.55878E-4, 2.7766E-7
32768, Mandibuzz_0, 0.013718035, 2.90391E-4, 2.9075E-7
32768, Sigilyph, 0.013718035, 3.65879E-4, 3.0628E-7
32768, Miltank_1, 0.011738891, 3.09312E-4, 2.4702E-7
32768, Blissey_1, 0.011738891, 3.14608E-4, 2.4262E-7
32768, SableyeMega Sableye_1, 0.011738891, 2.01255E-4, 2.4964E-7
32768, Ambipom_0, 0.011738891, 3.32408E-4, 2.482E-7
32768, Wobbuffet_0, 0.011738891, 2.4525E-4, 2.5228E-7
32768, Kabutops_1, 0.011587351, 2.75535E-4, 2.6075E-7
32768, Gothita, 0.011587351, 3.19542E-4, 2.4308E-7
32768, Charmeleon, 0.011587351, 2.75239E-4, 2.1997E-7
32768, Noctowl_1, 0.011587351, 3.11811E-4, 2.4402000000000004E-7
32768, Roselia, 0.011587351, 3.12494E-4, 2.1620999999999998E-7
32768, Omanyte_1, 0.011607731, 4.82205E-4, 2.6044E-7
32768, Rhyperior, 0.011607731, 3.12526E-4, 2.5669E-7
32768, Octillery, 0.011607731, 3.52255E-4, 2.2578E-7
32768, Barbaracle_0, 0.011607731, 2.07492E-4, 2.3175000000000002E-7
32768, Florges, 0.011607731, 2.67183E-4, 2.2688E-7
32768, Moltres_1, 0.011221957, 3.14812E-4, 2.6495E-7
32768, Hoothoot, 0.011221957, 3.65356E-4, 6.0095E-7
32768, Drowzee, 0.011221957, 3.38348E-4, 2.5402E-7
32768, Sandshrew, 0.011221957, 3.11526E-4, 2.0073E-7
32768, Magikarp_1, 0.011221957, 2.82799E-4, 2.2549000000000002E-7
32768, Snorlax_1, 0.011467082, 3.16221E-4, 2.5809999999999996E-7
32768, Drifloon_1, 0.011467082, 3.22244E-4, 2.3985E-7
32768, Drifloon_1, 0.011467082, 3.11541E-4, 2.3615E-7
32768, Spheal_1, 0.011467082, 2.94423E-4, 2.6254E-7
32768, RotomFrost Rotom_1, 0.011467082, 2.3527E-4, 2.5164E-7
